https://t.co/ehx3z5cmxb,-8.17018565288
four,-7.25389492101
obstruction,-7.76472054477
woods,-8.17018565288
battleground,-8.17018565288
hate,-8.17018565288
(which,-8.17018565288
payoff,-8.17018565288
‚Äúyour,-8.17018565288
voter,-8.17018565288
vile,-8.17018565288
schumer‚Äù,-8.17018565288
..deferral,-8.17018565288
under,-7.47703847232
#wc130j,-8.17018565288
‚Äúcave‚Äù,-8.17018565288
pride,-8.17018565288
supreme,-8.17018565288
@breitbartnews,-8.17018565288
risk,-8.17018565288
aurora,-8.17018565288
internet,-8.17018565288
(schiff,-8.17018565288
stolen,-8.17018565288
every,-7.25389492101
bringing,-8.17018565288
vast,-7.76472054477
tickets,-7.76472054477
cause,-8.17018565288
companies,-7.47703847232
lamestream,-8.17018565288
shafted,-8.17018565288
heading,-8.17018565288
enjoy,-7.47703847232
uncovers,-8.17018565288
force,-8.17018565288
leaders,-8.17018565288
japanese,-8.17018565288
voting,-8.17018565288
second,-6.91742268438
attended,-8.17018565288
https://t.co/oraafopbyj,-8.17018565288
oman....@statedept,-8.17018565288
even,-6.37842618365
errors,-8.17018565288
https://t.‚Ä¶,-8.17018565288
dept,-8.17018565288
liberty,-8.17018565288
@secpompeo,-8.17018565288
above,-8.17018565288
endorse,-8.17018565288
resilient,-8.17018565288
https://t.co/hwinicshly,-8.17018565288
increasing,-8.17018565288
ever,-6.78389129176
told,-8.17018565288
hero,-8.17018565288
never,-5.86760055989
equals,-8.17018565288
here,-6.56074774045
hundreds,-8.17018565288
reported,-8.17018565288
https://t.co/yxq5obwb6k,-8.17018565288
china,-5.77229038008
aren't,-8.17018565288
catastrophe,-8.17018565288
balance,-8.17018565288
changed,-8.17018565288
reports,-8.17018565288
credit,-8.17018565288
omar,-7.76472054477
military,-6.91742268438
changes,-8.17018565288
fantastic,-7.76472054477
divide,-8.17018565288
campaign,-7.25389492101
reagan,-8.17018565288
replace,-7.76472054477
county,-8.17018565288
guests,-7.76472054477
total,-7.25389492101
criminals,-8.17018565288
spoke,-7.25389492101
would,-5.72783861751
army,-8.17018565288
afghanistan,-8.17018565288
hospital,-8.17018565288
they‚Äôre,-7.47703847232
call,-6.56074774045
calm,-8.17018565288
assessment,-8.17018565288
until,-8.17018565288
mired,-8.17018565288
successful,-8.17018565288
demoted,-8.17018565288
book.‚Äù,-8.17018565288
hurt,-7.25389492101
phone,-7.76472054477
adult,-8.17018565288
excellent,-7.76472054477
midst,-8.17018565288
tariff,-8.17018565288
sorry,-8.17018565288
must,-6.46543756064
join,-7.76472054477
room,-8.17018565288
rights,-8.17018565288
work,-6.46543756064
grovel,-8.17018565288
transparency,-7.47703847232
henry,-8.17018565288
exceptions,-8.17018565288
give,-6.6661082561
https://t.co/lperoontdg,-8.17018565288
#403wg,-8.17018565288
currency,-7.47703847232
want,-6.6661082561
times,-7.07157336421
worse,-7.07157336421
legislate,-8.17018565288
tornadoes,-8.17018565288
recovery,-7.76472054477
turn,-8.17018565288
damage,-8.17018565288
the‚Ä¶,-8.17018565288
amazing,-7.07157336421
lindsey,-8.17018565288
opposite,-7.47703847232
interview,-8.17018565288
‚Äúwow,-8.17018565288
beach,-8.17018565288
biden‚Äôs,-7.76472054477
mueller,-6.29838347598
elizabeth,-7.47703847232
mouths,-8.17018565288
mess,-8.17018565288
after,-6.6661082561
wrong,-7.25389492101
president,-5.49603700345
they...,-8.17018565288
testify,-7.76472054477
8:00,-8.17018565288
third,-7.76472054477
@flotus,-7.76472054477
lost,-7.25389492101
https://t.co/4c8wlqzrlf,-8.17018565288
fictitious,-8.17018565288
green,-8.17018565288
keeps,-8.17018565288
worst,-8.17018565288
democratic,-7.47703847232
order,-7.47703847232
wind,-8.17018565288
office,-8.17018565288
over,-6.37842618365
@senatemajldr,-8.17018565288
japan,-7.76472054477
TRUE,-7.76472054477
process.only,-8.17018565288
before,-6.91742268438
defrauded,-8.17018565288
personal,-7.76472054477
better,-7.25389492101
compelling,-8.17018565288
wales,-8.17018565288
easier,-8.17018565288
@bettemidler,-8.17018565288
then,-7.47703847232
them,-6.78389129176
iowa,-8.17018565288
weakness,-8.17018565288
safe,-7.47703847232
trump.‚Äù.....,-8.17018565288
‚Äúyou,-8.17018565288
stoltenberg,-8.17018565288
they,-4.89304091989
@tomfitton,-7.25389492101
rhetoric,-8.17018565288
classified,-8.17018565288
chuck,-7.47703847232
baylor,-8.17018565288
victories,-7.76472054477
victory,-7.76472054477
each,-7.76472054477
went,-7.76472054477
side,-8.17018565288
@cnn,-7.25389492101
signing,-8.17018565288
schemes,-8.17018565288
burr‚Äôs,-8.17018565288
crimes,-7.25389492101
port‚Ä¶,-8.17018565288
‚Äúsquad‚Äù,-8.17018565288
percent‚Ä¶,-8.17018565288
navy,-8.17018565288
#trumprally,-8.17018565288
saturday,-8.17018565288
@repmattgaetz,-7.76472054477
depress,-8.17018565288
network,-8.17018565288
driving,-8.17018565288
washed,-7.76472054477
doesn‚Äôt.....,-8.17018565288
mccarthy,-8.17018565288
for.......,-8.17018565288
millions,-7.25389492101
venezuela,-8.17018565288
#reserveready,-8.17018565288
@w_terrence,-8.17018565288
barrier,-7.47703847232
veto,-8.17018565288
eternal,-8.17018565288
given,-8.17018565288
free,-8.17018565288
fred,-8.17018565288
appointments,-8.17018565288
vets,-7.47703847232
.@sundarpichai,-8.17018565288
trump-hating,-8.17018565288
workers‚Äô,-8.17018565288
enormous,-8.17018565288
sight....,-8.17018565288
days,-7.07157336421
cr‚Ä¶,-8.17018565288
shipped,-8.17018565288
disturbed,-8.17018565288
speedy,-8.17018565288
today's,-8.17018565288
@newscomauhq,-8.17018565288
can‚Äôt,-7.76472054477
stewart,-8.17018565288
rank,-8.17018565288
relations,-8.17018565288
another,-7.47703847232
https://t.co/yw57nhkpg2,-8.17018565288
hood,-8.17018565288
basketball,-8.17018565288
service,-8.17018565288
engagement,-8.17018565288
(fake,-8.17018565288
fiction,-8.17018565288
needed,-7.76472054477
rates,-7.47703847232
....what,-8.17018565288
john,-7.25389492101
damaging,-8.17018565288
listen,-7.76472054477
https://t.co/nqkxxw910s,-8.17018565288
@callme_chari,-8.17018565288
https://t.co/hez2mnsbuw,-8.17018565288
took,-7.76472054477
rejected,-8.17018565288
direct,-8.17018565288
https://t.co/8gcmgqavyk,-8.17018565288
ar‚Ä¶,-8.17018565288
distance,-8.17018565288
FALSE,-8.17018565288
target,-7.76472054477
is‚Ä¶,-8.17018565288
immigrants,-8.17018565288
zero,-7.07157336421
don‚Äôt,-6.91742268438
solomon,-8.17018565288
10th,-7.47703847232
lawyer,-8.17018565288
modern,-7.76472054477
mind,-8.17018565288
mine,-8.17018565288
fireman's,-8.17018565288
seen,-7.25389492101
seem,-8.17018565288
forced,-7.47703847232
backdated,-8.17018565288
responsible,-7.76472054477
brandon,-7.76472054477
causing,-8.17018565288
china‚Äôs,-7.76472054477
fortune.....,-8.17018565288
completed,-7.76472054477
greatest,-8.17018565288
pander,-8.17018565288
nobody,-8.17018565288
though,-7.76472054477
thrilled,-8.17018565288
cummings,-8.17018565288
plenty,-7.76472054477
inexcusable,-8.17018565288
cops,-8.17018565288
medical,-8.17018565288
camp,-7.76472054477
flow,-8.17018565288
@gma,-8.17018565288
s‚Ä¶,-7.76472054477
doesn‚Äôt,-7.07157336421
consumer,-8.17018565288
came,-7.07157336421
reserve,-7.47703847232
pope,-8.17018565288
queen,-8.17018565288
stepping,-8.17018565288
@uscg,-8.17018565288
earth,-8.17018565288
nevada,-8.17018565288
cohen‚Äôs,-8.17018565288
judges,-8.17018565288
resemblance,-8.17018565288
explain,-7.47703847232
minnesota,-7.76472054477
bust,-8.17018565288
blue-collar,-8.17018565288
plate,-8.17018565288
watch,-8.17018565288
coast,-7.76472054477
watson,-8.17018565288
christopher,-7.76472054477
meeting.,-8.17018565288
report,-6.46543756064
p‚Ä¶,-8.17018565288
...impeachment,-8.17018565288
countries,-7.76472054477
submittal,-8.17018565288
collusion,-6.46543756064
monumental,-8.17018565288
shots,-8.17018565288
release,-8.17018565288
steal,-8.17018565288
https://t.co/t6egb4neir,-8.17018565288
secretary,-8.17018565288
disaster,-7.76472054477
fair,-7.76472054477
....he,-8.17018565288
horrendous,-8.17018565288
corrupt,-7.25389492101
best,-6.56074774045
pete,-8.17018565288
said,-6.29838347598
lots,-8.17018565288
away,-8.17018565288
...and,-8.17018565288
cooperation,-8.17018565288
hopefully,-8.17018565288
with...,-8.17018565288
over.‚Äù,-8.17018565288
terms,-8.17018565288
@adamschiff,-8.17018565288
243rd,-8.17018565288
weak,-8.17018565288
boss,-8.17018565288
transcript‚Äùhttps://t.co/a6hewmnemu,-8.17018565288
@govbilllee,-8.17018565288
news,-5.56749596744
debt,-8.17018565288
#fakewhistleblower,-8.17018565288
suggested,-8.17018565288
received,-8.17018565288
(maybe),-8.17018565288
‚Äúserial,-8.17018565288
country,-5.97296107554
ncaa,-8.17018565288
demanded,-8.17018565288
games,-8.17018565288
mildly,-8.17018565288
devaluation,-8.17018565288
asked,-8.17018565288
smuggled,-8.17018565288
america‚Äôs,-7.76472054477
hardworking,-8.17018565288
massive,-8.17018565288
initiative,-8.17018565288
pu‚Ä¶,-8.17018565288
tony,-8.17018565288
loaded,-8.17018565288
administrations,-8.17018565288
fema,-7.76472054477
speak,-8.17018565288
conference,-7.76472054477
targeting,-8.17018565288
https://t.co/wqpbqk88y5,-8.17018565288
union,-7.76472054477
patrolling,-8.17018565288
three,-7.47703847232
been,-5.56749596744
quickly,-7.76472054477
beer,-8.17018565288
much,-6.56074774045
interest,-7.25389492101
expected,-8.17018565288
celebration,-7.76472054477
incompetent,-8.17018565288
life,-7.47703847232
families,-7.25389492101
beloved,-8.17018565288
prosperous,-7.76472054477
eastern,-8.17018565288
drugs,-7.07157336421
suppress,-8.17018565288
concerning,-7.76472054477
republicans,-7.47703847232
.@tomfitton,-8.17018565288
kids,-8.17018565288
child,-8.17018565288
catch,-8.17018565288
worked,-7.76472054477
(and,-7.47703847232
spin,-8.17018565288
tank,-8.17018565288
presidency,-7.76472054477
kentucky,-8.17018565288
https://t.co/09bac03rx6,-8.17018565288
evening,-8.17018565288
property,-8.17018565288
seven,-8.17018565288
mexico,-6.56074774045
keller,-8.17018565288
expenses,-8.17018565288
scrutin‚Ä¶,-8.17018565288
to........,-8.17018565288
look at all those signs '#womenfortrump' ,-8.17018565288
again...,-8.17018565288
come‚Äô,-8.17018565288
things,-7.07157336421
make,-6.29838347598
jerry,-8.17018565288
entries.‚Äù,-8.17018565288
complex,-8.17018565288
damages,-8.17018565288
sheet.....,-8.17018565288
entitled,-8.17018565288
fairly,-8.17018565288
raid,-8.17018565288
.@clewandowski_,-8.17018565288
https://t.co/cogqxfgnrn,-8.17018565288
rain,-8.17018565288
hand,-8.17018565288
liberties,-8.17018565288
.@realdonaldtrump's,-8.17018565288
pioneers,-8.17018565288
cycle,-8.17018565288
https://t.co/ypqkzgrker,-8.17018565288
failing,-7.76472054477
practices,-8.17018565288
subpoena,-8.17018565288
mother,-8.17018565288
alabama,-7.76472054477
left,-6.91742268438
unified,-8.17018565288
pipko,-8.17018565288
just,-5.97296107554
unemployment,-8.17018565288
able,-8.17018565288
sleepy,-7.25389492101
unfair,-8.17018565288
govt,-8.17018565288
thanks,-7.47703847232
facts,-7.07157336421
october,-7.76472054477
https://t.co/zohh8xm5ak,-8.17018565288
terrific,-8.17018565288
candidate,-7.76472054477
27th,-8.17018565288
#rtm2019,-8.17018565288
spread,-8.17018565288
easy,-8.17018565288
@johncardillo,-8.17018565288
east,-8.17018565288
https://t.co/xm4sd‚Ä¶,-8.17018565288
pelosi‚Äôs,-8.17018565288
gregg,-8.17018565288
possible,-7.25389492101
destroy,-8.17018565288
judge,-8.17018565288
sanitary,-8.17018565288
highly,-8.17018565288
@fema,-8.17018565288
advanced,-8.17018565288
apart,-8.17018565288
brought,-8.17018565288
latino,-8.17018565288
gift,-8.17018565288
hunt,-7.25389492101
dishonest,-7.76472054477
alice,-8.17018565288
night,-7.47703847232
security,-7.76472054477
misdemeanors,-8.17018565288
right,-6.91742268438
deal,-6.15528263234
people,-5.53112832326
emails,-8.17018565288
donald,-8.17018565288
dorian,-7.76472054477
election,-7.25389492101
harassment,-7.76472054477
@marklevinshow,-7.47703847232
a‚Ä¶,-8.17018565288
comments,-8.17018565288
https://t.co/l1hdexwazc,-8.17018565288
everything,-7.76472054477
https://t.co/bzfimbid26,-8.17018565288
asking,-7.76472054477
christmas,-8.17018565288
republicans.....,-8.17018565288
deleted,-8.17018565288
https://t.co/ij2ajxfrza,-8.17018565288
constructive,-8.17018565288
losing,-7.25389492101
endorsing,-8.17018565288
projected,-8.17018565288
census,-8.17018565288
attacks,-8.17018565288
dollars,-6.91742268438
months,-8.17018565288
dilemma--how,-8.17018565288
....misrepresenting,-8.17018565288
plus,-7.76472054477
afternoon,-8.17018565288
statements,-7.76472054477
facility,-8.17018565288
jens,-8.17018565288
intellectual,-8.17018565288
down,-6.46543756064
lies,-7.76472054477
greenland,-8.17018565288
parties,-8.17018565288
coastal,-8.17018565288
reducing,-8.17018565288
knowingly,-8.17018565288
deception,-8.17018565288
crowd,-7.76472054477
transcript,-7.25389492101
support,-6.78389129176
flying,-8.17018565288
transform,-8.17018565288
fight,-7.76472054477
absolutely,-8.17018565288
editor,-8.17018565288
launching,-8.17018565288
happy,-7.47703847232
thing.‚Äù,-8.17018565288
@kimberl40855897,-8.17018565288
worsts,-8.17018565288
manufacturers,-8.17018565288
ford,-7.76472054477
buckingham,-8.17018565288
hear,-7.76472054477
lows,-8.17018565288
@danscavino,-7.47703847232
....in,-7.47703847232
congratulations,-7.25389492101
isis,-8.17018565288
inside,-7.76472054477
@seanmdav,-8.17018565288
tell,-7.76472054477
@ainsleyearhardt,-8.17018565288
‚Äúmid,-8.17018565288
daddy,-8.17018565288
dues,-7.76472054477
medication,-8.17018565288
disgrace,-7.76472054477
remove‚Ä¶,-8.17018565288
request,-8.17018565288
evidence,-8.17018565288
prayer,-8.17018565288
ship,-8.17018565288
bore,-8.17018565288
regime,-8.17018565288
blatantly,-8.17018565288
daca,-7.47703847232
when,-6.03011948938
https://t.co/6mhdrl7rrf,-8.17018565288
falsely,-8.17018565288
jong,-8.17018565288
holding,-8.17018565288
roll,-8.17018565288
picture,-8.17018565288
models,-8.17018565288
welcome,-8.17018565288
update,-7.47703847232
fell,-8.17018565288
schiff's‚Ä¶,-8.17018565288
billion,-7.76472054477
longer,-7.47703847232
apology,-7.76472054477
apprehensions,-8.17018565288
together,-7.47703847232
premiums,-8.17018565288
vietnam,-7.76472054477
time,-6.46543756064
push,-8.17018565288
serious,-7.76472054477
whoever,-8.17018565288
global,-8.17018565288
focus,-8.17018565288
...opinion,-8.17018565288
leads,-8.17018565288
manages,-8.17018565288
chair,-8.17018565288
repression,-8.17018565288
obamacare,-8.17018565288
disgusting,-8.17018565288
blocking,-8.17018565288
chances,-8.17018565288
@tuckercarlson,-7.47703847232
iacp,-8.17018565288
terror,-8.17018565288
.....are,-8.17018565288
(captures)at,-8.17018565288
advantage,-8.17018565288
....other,-8.17018565288
refinance,-8.17018565288
gr‚Ä¶,-8.17018565288
choice,-8.17018565288
exact,-8.17018565288
cunningham,-8.17018565288
level,-8.17018565288
turns,-8.17018565288
democrat,-7.25389492101
leave,-8.17018565288
democrats‚Äô,-8.17018565288
team,-8.17018565288
@devinnunes,-8.17018565288
talked,-8.17018565288
thinkers,-8.17018565288
findings,-7.76472054477
https://t.co/yvsghk5n9x,-8.17018565288
sign,-8.17018565288
inland,-8.17018565288
palac‚Ä¶,-8.17018565288
cost,-7.25389492101
long-suffering,-8.17018565288
112%,-8.17018565288
guards,-8.17018565288
stands,-8.17018565288
assistance,-8.17018565288
hazardous,-8.17018565288
agrees,-8.17018565288
current,-8.17018565288
kavanaugh,-8.17018565288
goes,-8.17018565288
bombing,-8.17018565288
@potus,-8.17018565288
supporting,-8.17018565288
explosion,-7.76472054477
honour,-8.17018565288
baseball,-8.17018565288
groups,-7.76472054477
address,-8.17018565288
along,-7.47703847232
disappeared,-8.17018565288
change,-7.76472054477
sending,-8.17018565288
landslide.,-8.17018565288
@msnbc,-8.17018565288
love,-7.76472054477
@govricketts,-8.17018565288
@greggjarrett,-7.76472054477
bribery,-8.17018565288
fake,-5.53112832326
crisis,-7.25389492101
market,-7.47703847232
@ncemergency,-8.17018565288
troops,-8.17018565288
working,-6.6661082561
positive,-8.17018565288
angry,-8.17018565288
tears,-8.17018565288
france,-8.17018565288
communi‚Ä¶,-8.17018565288
live,-8.17018565288
andy,-8.17018565288
criteria,-8.17018565288
prep,-8.17018565288
today,-6.0907441112
sharing,-8.17018565288
‚Äúcreate‚Äù,-8.17018565288
approving,-8.17018565288
effort,-8.17018565288
behalf,-8.17018565288
pushed,-8.17018565288
thousands,-7.76472054477
wrong),-8.17018565288
pretend,-8.17018565288
soul,-8.17018565288
judd,-7.76472054477
nation‚Äôs,-8.17018565288
@kimstrassel,-8.17018565288
believed,-7.76472054477
making,-8.17018565288
arrive,-8.17018565288
crazy,-7.47703847232
@repmarkmeadows,-8.17018565288
trump,-5.72783861751
december,-8.17018565288
contradicts,-8.17018565288
heard,-7.76472054477
collusion.‚Äù,-8.17018565288
council,-8.17018565288
allowed,-7.76472054477
back‚Äù,-8.17018565288
at&amp,-8.17018565288
secured,-8.17018565288
watching,-7.76472054477
politician.‚Äù,-8.17018565288
‚Äúsend,-8.17018565288
write,-7.76472054477
7:00,-8.17018565288
pure,-8.17018565288
endorsement,-7.76472054477
dominance,-8.17018565288
economy,-6.46543756064
product,-7.76472054477
collude,-8.17018565288
southern,-6.78389129176
respective,-8.17018565288
membership,-8.17018565288
birthday,-8.17018565288
such,-7.25389492101
heroes,-8.17018565288
guys,-7.76472054477
grow,-8.17018565288
remember,-7.76472054477
stupidly,-8.17018565288
maybe,-7.76472054477
cannot,-7.47703847232
talk,-8.17018565288
record),-8.17018565288
wishing,-8.17018565288
#flagsin,-8.17018565288
years,-5.91889385427
ended,-8.17018565288
cuts,-7.76472054477
managers,-8.17018565288
still,-7.07157336421
blocked,-8.17018565288
https://t.co/ofmzimwpv1,-8.17018565288
‚Äúcongressman,-8.17018565288
group,-8.17018565288
thank,-6.56074774045
interesting,-8.17018565288
policy,-7.76472054477
factual,-8.17018565288
into,-6.6661082561
petition,-8.17018565288
pardon.‚Äù,-8.17018565288
civilian,-8.17018565288
devastated,-8.17018565288
https://t.co/2fxlwoww6f,-8.17018565288
nation,-7.25389492101
dimms,-8.17018565288
#muellerreport,-8.17018565288
discuss,-8.17018565288
term,-7.76472054477
name,-8.17018565288
james,-7.76472054477
kerr,-8.17018565288
trump‚Äôs,-7.76472054477
https://t.co/vufsdqyuvu,-8.17018565288
honduras,-7.76472054477
fired,-7.76472054477
badly,-7.25389492101
angel‚Äù,-8.17018565288
year,-7.07157336421
happen,-6.91742268438
tuned,-8.17018565288
description,-8.17018565288
canada,-8.17018565288
living,-8.17018565288
beauty,-8.17018565288
space,-8.17018565288
(cdt),-8.17018565288
looking,-6.78389129176
investigation,-8.17018565288
shouldn't,-8.17018565288
notre,-8.17018565288
dinner,-8.17018565288
receiving,-7.76472054477
correct,-8.17018565288
shows,-8.17018565288
pelosi's,-8.17018565288
rebuilding,-8.17018565288
earlier,-8.17018565288
https://t.co/gtwn0nxott,-8.17018565288
million,-8.17018565288
pumping,-7.76472054477
wh‚Ä¶,-8.17018565288
@realdonaldtrump,-5.97296107554
(crimes,-8.17018565288
tightening,-8.17018565288
care,-8.17018565288
100%,-8.17018565288
motion,-8.17018565288
thing,-8.17018565288
populationthe,-8.17018565288
place,-7.25389492101
aboard,-8.17018565288
think,-7.76472054477
waited,-8.17018565288
first,-7.07157336421
@donaldjtrumpjr,-8.17018565288
softball,-8.17018565288
americans,-6.91742268438
directly,-8.17018565288
vote,-7.07157336421
caravans,-8.17018565288
open,-7.47703847232
tomorrow,-8.17018565288
cleaners‚Äù,-8.17018565288
city,-7.47703847232
little,-8.17018565288
district,-7.76472054477
caught,-7.25389492101
bahamas,-8.17018565288
https://t.co/rtsi3j1gwh,-8.17018565288
alfred,-8.17018565288
white,-7.07157336421
friend,-7.76472054477
gives,-8.17018565288
mostly,-8.17018565288
that,-4.53259949315
surges,-8.17018565288
released,-7.47703847232
hillary,-7.07157336421
ridiculous,-7.47703847232
than,-6.29838347598
here's,-8.17018565288
unfortunately,-8.17018565288
i‚Äôll,-8.17018565288
stars.‚Äù,-8.17018565288
diplomatic,-8.17018565288
future,-7.76472054477
were,-6.15528263234
@judicialwatch,-7.76472054477
russia,-7.25389492101
@nws,-8.17018565288
nicer,-8.17018565288
turned,-7.76472054477
hard-hit,-8.17018565288
ohr-steele-fusion,-8.17018565288
recover,-8.17018565288
well,-7.47703847232
kevin,-8.17018565288
prosperity,-8.17018565288
there‚Äôs,-7.76472054477
note,-8.17018565288
potential,-8.17018565288
take,-8.17018565288
man.‚Äù,-8.17018565288
fireman‚Äôs,-8.17018565288
europeans,-8.17018565288
whistleblower‚Äôs,-7.76472054477
begin,-7.76472054477
sure,-8.17018565288
ukrainian,-7.07157336421
knew,-6.91742268438
spewing,-8.17018565288
paid,-7.07157336421
https://t.co/stib0p1kce,-8.17018565288
https://t.co/ognz4kvft1,-8.17018565288
complaints,-8.17018565288
america,-6.46543756064
pages,-7.76472054477
forever,-8.17018565288
acknowledges,-8.17018565288
especially,-8.17018565288
@gopoversight,-7.76472054477
later,-7.76472054477
steady,-8.17018565288
wing,-8.17018565288
federal,-7.07157336421
coa‚Ä¶,-8.17018565288
resch,-8.17018565288
laws,-8.17018565288
perpetrated,-8.17018565288
shot,-8.17018565288
show,-7.47703847232
representatives,-7.76472054477
discovered,-8.17018565288
hopes,-8.17018565288
‚Äúthe,-7.76472054477
ground,-8.17018565288
gulf,-7.76472054477
dick,-8.17018565288
storms,-8.17018565288
husband,-8.17018565288
crime,-7.07157336421
only,-6.56074774045
going,-7.25389492101
congressional,-7.47703847232
carolina,-6.6661082561
mueller‚Äôs,-8.17018565288
exaggeration,-8.17018565288
https://t.co/wqthghwcg4,-8.17018565288
‚Äòi‚Äôm,-8.17018565288
begging,-8.17018565288
truly,-7.47703847232
‚Äúmueller‚Äôs,-8.17018565288
killers,-8.17018565288
nearly,-8.17018565288
@abc,-8.17018565288
brit,-8.17018565288
celebrate,-8.17018565288
prime,-8.17018565288
‚Äòwhistleblower‚Äô,-8.17018565288
@53rdwrs,-8.17018565288
worried,-8.17018565288
miles,-8.17018565288
predicted,-8.17018565288
‚Äúdancing,-8.17018565288
where,-7.07157336421
vision,-8.17018565288
declared,-8.17018565288
wsj's,-8.17018565288
nominees.‚Äù,-8.17018565288
college,-8.17018565288
sean,-8.17018565288
seal,-8.17018565288
surgery,-8.17018565288
chocked,-8.17018565288
wonder,-7.76472054477
farmers,-7.76472054477
crooked,-7.25389492101
commitments,-8.17018565288
mayor,-8.17018565288
weapons,-8.17018565288
enough,-8.17018565288
from‚Ä¶,-8.17018565288
reading,-8.17018565288
across,-7.47703847232
@lonewolfnduke,-8.17018565288
jobs,-6.29838347598
august,-8.17018565288
impeachment...,-8.17018565288
(mueller),-8.17018565288
elijah,-8.17018565288
hurts,-8.17018565288
come,-6.6661082561
talented,-8.17018565288
embarrassment,-8.17018565288
https://t.co/yekxsnjkww,-8.17018565288
many,-5.91889385427
@loudobbs,-8.17018565288
2:00,-8.17018565288
‚úàÔ∏è‚õàüå™üåä,-8.17018565288
https://t.co/xbr7xvgarc,-8.17018565288
senator,-7.76472054477
@jcryptoseed,-8.17018565288
@larryelder,-8.17018565288
insist,-8.17018565288
mccain,-8.17018565288
anti,-8.17018565288
learning,-7.76472054477
constant,-8.17018565288
poll,-7.47703847232
consider,-8.17018565288
destroyed,-8.17018565288
steyer,-8.17018565288
informed,-7.47703847232
tropical,-8.17018565288
stripped,-8.17018565288
borders,-7.47703847232
wants,-7.76472054477
direction,-8.17018565288
robbed,-8.17018565288
formed,-8.17018565288
andrew,-8.17018565288
we.....,-8.17018565288
quick,-8.17018565288
former,-7.76472054477
those,-7.25389492101
hodgson,-8.17018565288
case,-7.07157336421
https://t.co/ldpr6vjgdp,-8.17018565288
african-american,-8.17018565288
these,-7.76472054477
polls,-8.17018565288
policies,-8.17018565288
situation,-8.17018565288
margin,-8.17018565288
shepard,-8.17018565288
https://t.co/ajr3ia6c0c,-8.17018565288
telephone,-8.17018565288
middle,-8.17018565288
bias,-7.76472054477
embrace,-8.17018565288
attributed,-8.17018565288
affected,-8.17018565288
technology,-8.17018565288
https://t.co/j2jgz6mfcw,-8.17018565288
northward,-8.17018565288
https://t.co/nzoeqfnb3c,-8.17018565288
media,-6.37842618365
same,-6.91742268438
trip,-8.17018565288
@paulsperry_,-7.76472054477
inquiry,-8.17018565288
‚Äúoversight‚Äù,-8.17018565288
shifty,-7.76472054477
@trumpwarroom,-8.17018565288
week,-7.76472054477
extended,-8.17018565288
....the,-8.17018565288
.@judicialwatch,-8.17018565288
#fakenewscnn,-8.17018565288
incarceration,-8.17018565288
director,-8.17018565288
devoid,-8.17018565288
running,-8.17018565288
scorned,-8.17018565288
changing,-8.17018565288
totally,-6.56074774045
https://t.co/bpyk8pf0o8,-8.17018565288
drain,-7.47703847232
charges,-8.17018565288
walls,-8.17018565288
without,-8.17018565288
solve,-7.76472054477
bottle,-8.17018565288
coordinate,-8.17018565288
farmers‚Äô,-8.17018565288
being,-6.6661082561
money,-7.07157336421
rest,-8.17018565288
aspect,-8.17018565288
omissions,-8.17018565288
announcement,-8.17018565288
seems,-7.76472054477
it‚Äôs,-7.07157336421
drugs),-8.17018565288
treatment,-8.17018565288
real,-7.47703847232
around,-7.47703847232
read,-7.47703847232
forgiveness-they,-8.17018565288
sums,-8.17018565288
unveil,-8.17018565288
early,-7.47703847232
hunter.....,-8.17018565288
world,-7.07157336421
lady,-8.17018565288
fortune,-8.17018565288
facing,-8.17018565288
news‚Äô,-8.17018565288
perdue,-8.17018565288
exposed,-7.47703847232
hajec,-8.17018565288
accuse‚Ä¶,-8.17018565288
exposes,-7.76472054477
‚Äúwe,-8.17018565288
informant,-8.17018565288
booming,-8.17018565288
in‚Ä¶,-8.17018565288
unlocked,-8.17018565288
conservative,-7.76472054477
‚Äújewish,-8.17018565288
provides,-8.17018565288
@kanyewest,-8.17018565288
#nc03,-8.17018565288
biased,-7.47703847232
business,-7.47703847232
https://t.co/g3f6qbnsma,-8.17018565288
inspect,-8.17018565288
https://t.co/kyezdmjl2k,-8.17018565288
tuition,-8.17018565288
broken,-7.76472054477
leadership,-7.47703847232
pastors,-8.17018565288
‚Äúmanufactured.‚Äù,-8.17018565288
francis,-8.17018565288
dicey,-8.17018565288
media.‚Äù,-8.17018565288
smear,-8.17018565288
ideology,-8.17018565288
medicare,-8.17018565288
stand,-8.17018565288
west,-8.17018565288
out),-8.17018565288
tariffs,-7.76472054477
referred,-8.17018565288
lands,-8.17018565288
fundraising,-8.17018565288
@trumpstudents,-8.17018565288
rising,-8.17018565288
determine,-7.76472054477
gary,-8.17018565288
your,-6.91742268438
‚Äúpelosi,-8.17018565288
weekend,-8.17018565288
there,-6.0907441112
start,-7.47703847232
compliant,-8.17018565288
racist,-8.17018565288
https://t.co/u8jlorobca,-8.17018565288
pretends,-8.17018565288
complete,-7.76472054477
@garyplayer,-8.17018565288
antiquated,-8.17018565288
8:15,-8.17018565288
trying,-6.78389129176
with,-4.87434878688
faster,-8.17018565288
fraud,-6.78389129176
bucket,-8.17018565288
https://t.co/ba8ygsw9la,-8.17018565288
'right',-8.17018565288
agree,-7.07157336421
strongly,-7.25389492101
gone,-8.17018565288
#maga,-7.76472054477
certain,-8.17018565288
stealing,-8.17018565288
moved,-8.17018565288
would‚Ä¶,-8.17018565288
watches,-8.17018565288
general,-7.76472054477
substantially,-7.76472054477
@varneyco,-8.17018565288
bishop,-8.17018565288
incorrect,-7.76472054477
selfish,-8.17018565288
credibility,-7.25389492101
insurance,-8.17018565288
fools,-8.17018565288
congress,-6.6661082561
military....,-8.17018565288
important,-7.25389492101
coverage,-8.17018565288
chris,-8.17018565288
pelosi,-7.07157336421
building,-8.17018565288
adam,-7.47703847232
treason,-8.17018565288
‚Äúcohen‚Äôs,-8.17018565288
bolton,-8.17018565288
since,-7.76472054477
fed‚Äôs,-8.17018565288
forget,-7.76472054477
pointing,-8.17018565288
lack,-8.17018565288
dollar,-8.17018565288
@repandybiggsaz,-8.17018565288
month,-8.17018565288
talks,-7.76472054477
g-20,-8.17018565288
schiff,-6.78389129176
president.‚Äù,-8.17018565288
https://t.co/ufd7tsgyax,-8.17018565288
thursday,-7.76472054477
champions,-8.17018565288
.....the,-8.17018565288
lawmakers,-8.17018565288
resounding,-8.17018565288
returned,-8.17018565288
‚Äúbiden,-8.17018565288
very,-5.46213545178
fabricated,-8.17018565288
normandy...https://t.co/f1fltaj0we,-8.17018565288
rocky‚Äôs,-8.17018565288
list,-8.17018565288
large,-8.17018565288
harry,-8.17018565288
small,-7.76472054477
conflicted,-8.17018565288
economically,-8.17018565288
penalties,-8.17018565288
paso,-8.17018565288
....‚Äùthis,-8.17018565288
rate,-7.76472054477
country...https://t.co/vuflkfd12j,-8.17018565288
pass,-7.47703847232
https://t.co/wqbj8imqhx,-8.17018565288
will,-4.89304091989
what,-5.91889385427
consumers,-8.17018565288
anniversary,-8.17018565288
nang,-8.17018565288
witnesses,-8.17018565288
schumer,-7.76472054477
dossier.‚Äù,-8.17018565288
public,-8.17018565288
movement,-8.17018565288
revealing,-8.17018565288
full,-7.47703847232
iran,-7.76472054477
@emmanuelmacron,-8.17018565288
https://t.co/dixwqhuygj,-8.17018565288
https://t.co/edkr6jyysx,-8.17018565288
nation's,-8.17018565288
https://t.co/wx0o8gaimc,-8.17018565288
disastrous,-8.17018565288
schiff‚Äôs,-8.17018565288
directions,-8.17018565288
november,-8.17018565288
strong,-6.56074774045
legend,-8.17018565288
arena,-8.17018565288
clinton-linked,-8.17018565288
prosecutors,-8.17018565288
ahead,-8.17018565288
(ninth),-8.17018565288
inspired,-8.17018565288
prior,-7.76472054477
social,-7.76472054477
hazards...-life-threatening,-8.17018565288
family,-7.76472054477
caravan,-8.17018565288
you‚Äôre,-8.17018565288
show‚Ä¶,-8.17018565288
takes,-8.17018565288
correspondents,-8.17018565288
taken,-7.76472054477
achieving,-8.17018565288
more,-5.46213545178
israel,-7.07157336421
diamond,-8.17018565288
knows,-7.76472054477
&amp,-5.01318523173
@senthomtillis,-8.17018565288
company,-7.07157336421
fredo,-8.17018565288
pro-crooked,-8.17018565288
flag,-8.17018565288
broke,-8.17018565288
21st-century,-7.76472054477
factories,-8.17018565288
#independenceday,-8.17018565288
glad,-8.17018565288
dems,-6.37842618365
coalition,-8.17018565288
#s‚Ä¶,-8.17018565288
swampman,-8.17018565288
remain,-7.76472054477
w/this,-8.17018565288
fo‚Ä¶,-8.17018565288
history,-6.91742268438
beautiful,-7.47703847232
scam,-7.25389492101
‚Äúhe,-8.17018565288
stated,-7.76472054477
suggestions,-8.17018565288
conspire,-8.17018565288
states,-6.22427550382
biden,-6.91742268438
protects,-8.17018565288
numbers,-8.17018565288
hegseth,-8.17018565288
@judici‚Ä¶,-8.17018565288
information,-7.47703847232
needs,-8.17018565288
court,-7.47703847232
breaking,-8.17018565288
https://t.co/lu3hieek0c,-8.17018565288
speeding,-8.17018565288
(they,-8.17018565288
plant,-8.17018565288
@charliekirk11,-8.17018565288
tried,-8.17018565288
jarrett,-8.17018565288
disgraced,-8.17018565288
breitbart,-8.17018565288
@oann,-8.17018565288
waves,-8.17018565288
‚Äúnancy,-8.17018565288
response,-8.17018565288
crowded,-8.17018565288
goin‚Ä¶,-8.17018565288
overnight,-8.17018565288
putting,-7.47703847232
dream,-8.17018565288
playing,-7.76472054477
@washingtonpost,-8.17018565288
help,-7.76472054477
here‚Äù,-8.17018565288
heartfelt,-8.17018565288
sooo,-7.47703847232
soon,-8.17018565288
trade,-6.91742268438
attitude,-8.17018565288
paper,-8.17018565288
through,-6.78389129176
committee,-7.07157336421
committed,-7.76472054477
minist‚Ä¶,-8.17018565288
disagreed,-8.17018565288
unleashing,-8.17018565288
pray,-8.17018565288
actually,-7.25389492101
founders,-8.17018565288
speech,-8.17018565288
fool,-8.17018565288
hurting,-8.17018565288
good,-6.22427550382
impacts,-8.17018565288
seeking,-8.17018565288
hunter,-7.47703847232
unloyal,-8.17018565288
‚Äúguts‚Äù,-8.17018565288
bigger,-8.17018565288
desperately,-8.17018565288
always,-7.07157336421
bless,-8.17018565288
someone,-8.17018565288
https://t.co/tvoyxgsbsv,-8.17018565288
investigators,-8.17018565288
mad‚Ä¶,-8.17018565288
harm,-8.17018565288
everyone,-8.17018565288
begged,-8.17018565288
citizens,-8.17018565288
house,-6.22427550382
energy,-7.25389492101
hard,-6.78389129176
idea,-8.17018565288
brother,-8.17018565288
beyond,-8.17018565288
event,-7.76472054477
really,-7.25389492101
funding,-8.17018565288
missed,-8.17018565288
https://t.co/yqytygtbyd,-8.17018565288
robert,-7.47703847232
fireman,-8.17018565288
country...https://t.co/zwbjx0be9m,-8.17018565288
acting,-8.17018565288
https://t.co/f6jd2fzayz,-8.17018565288
health,-8.17018565288
sloan,-8.17018565288
congenial,-8.17018565288
issue,-7.76472054477
wisconsin,-8.17018565288
pathetic,-8.17018565288
dirt,-8.17018565288
democr‚Ä¶,-8.17018565288
@jacknicklaus,-8.17018565288
extraordinary,-7.76472054477
reason,-7.25389492101
rated,-8.17018565288
members,-7.07157336421
imagine,-8.17018565288
backed,-8.17018565288
ilhan,-8.17018565288
earliest,-8.17018565288
beginning,-8.17018565288
thrown,-8.17018565288
....no,-8.17018565288
terrible,-8.17018565288
a$ap,-8.17018565288
american,-6.6661082561
l‚Ä¶,-7.76472054477
threat,-8.17018565288
syria,-8.17018565288
disclaimer,-8.17018565288
fallen,-8.17018565288
@royalfamily,-8.17018565288
major,-7.25389492101
radical,-7.25389492101
number,-7.47703847232
slithers,-8.17018565288
done,-6.56074774045
says,-8.17018565288
wages,-7.76472054477
@nhc_atlantic,-7.47703847232
story,-7.07157336421
üì∏,-8.17018565288
world...,-8.17018565288
tate,-8.17018565288
our‚Ä¶,-8.17018565288
wonderful,-6.91742268438
storm,-7.76472054477
statement,-7.76472054477
relationship,-8.17018565288
interviewed,-7.25389492101
part,-7.25389492101
gruesome,-8.17018565288
believe,-7.07157336421
grace,-8.17018565288
obama,-7.25389492101
kind,-8.17018565288
iranian,-8.17018565288
condolences,-8.17018565288
pressure‚Äù,-8.17018565288
pennsylvania,-7.47703847232
@mattbevin,-8.17018565288
greg,-8.17018565288
2020,-7.47703847232
supposed,-7.47703847232
treated,-7.47703847232
nominee,-8.17018565288
outstanding,-8.17018565288
https://t.co/d7h1wr1lhy,-8.17018565288
@fema_pete,-8.17018565288
orders,-8.17018565288
ratings,-6.91742268438
built,-7.47703847232
officers,-8.17018565288
majority,-7.76472054477
costs,-7.76472054477
re-negotiate,-8.17018565288
chairman,-7.76472054477
demean,-8.17018565288
free-wheeling,-8.17018565288
play,-7.47703847232
towards,-8.17018565288
comey,-8.17018565288
warnings,-8.17018565288
serve,-8.17018565288
most,-7.07157336421
plan,-7.47703847232
000 ",-8.17018565288
nothing,-6.6661082561
accepting,-8.17018565288
https://t.co/03ddyvu6ha,-8.17018565288
achievement,-8.17018565288
constitution,-8.17018565288
won‚Äôt,-7.47703847232
viciously,-8.17018565288
calling,-8.17018565288
mollie,-8.17018565288
attacking,-8.17018565288
lying,-8.17018565288
golf,-7.76472054477
didn‚Äôt,-6.91742268438
memorandum,-8.17018565288
businesses,-8.17018565288
jared,-8.17018565288
fine,-8.17018565288
find,-8.17018565288
impact,-8.17018565288
giant,-8.17018565288
justice,-7.76472054477
speculate.‚Äù,-8.17018565288
unhappy,-8.17018565288
penalty,-8.17018565288
failed,-7.76472054477
https://t.co/ldrobjibrn,-8.17018565288
‚Äúin,-8.17018565288
tuesday),-8.17018565288
meanwhile,-8.17018565288
dependent,-8.17018565288
banned,-7.76472054477
theft,-8.17018565288
during,-8.17018565288
silk,-8.17018565288
banquet,-8.17018565288
enemy,-7.25389492101
(9:00,-8.17018565288
remove,-8.17018565288
dossier,-8.17018565288
investigate,-7.76472054477
ivanka,-8.17018565288
wrote,-8.17018565288
.....‚Äôthese,-8.17018565288
country‚Äôs,-7.47703847232
@marianorivera,-8.17018565288
achieved,-8.17018565288
therefore....,-8.17018565288
culture,-8.17018565288
individual,-8.17018565288
migration,-8.17018565288
close,-7.07157336421
women‚Äôs,-7.76472054477
@mitchellvii,-8.17018565288
knees,-8.17018565288
spirits,-8.17018565288
matter,-7.76472054477
please,-7.47703847232
fans,-8.17018565288
various,-8.17018565288
probably,-8.17018565288
conditions,-7.76472054477
corruption,-7.76472054477
europe,-8.17018565288
korea,-7.47703847232
recently,-8.17018565288
@tigerwoods,-8.17018565288
credit.#mexicocavesaftertariffthrea‚Ä¶,-8.17018565288
https://t.co/xqjzzt7gsp,-7.76472054477
both,-7.47703847232
last,-6.91742268438
wanted--easily,-8.17018565288
whistleblowers,-8.17018565288
foreign,-8.17018565288
thom,-8.17018565288
became,-8.17018565288
@gopchairwoman,-7.76472054477
witch,-7.25389492101
whole,-7.76472054477
@foxbusiness,-8.17018565288
baltimore,-8.17018565288
visionaries,-8.17018565288
liked,-8.17018565288
majesty,-8.17018565288
headed,-8.17018565288
simple,-7.76472054477
across.‚Äùsher‚Ä¶,-8.17018565288
steele,-7.76472054477
community,-8.17018565288
tennessee,-8.17018565288
agents,-7.76472054477
shutdown,-7.76472054477
chant,-8.17018565288
expensive,-8.17018565288
decline,-8.17018565288
raise,-8.17018565288
...companies,-8.17018565288
create,-7.47703847232
political,-7.76472054477
‚Äúpoor,-8.17018565288
secret,-8.17018565288
meeting,-7.25389492101
dame,-8.17018565288
sanders,-8.17018565288
fire,-7.47703847232
firefighters,-8.17018565288
#wgdp,-8.17018565288
else,-8.17018565288
understand,-7.47703847232
representative,-8.17018565288
prices,-7.76472054477
wedding,-8.17018565288
georgia,-8.17018565288
look,-6.91742268438
judicial,-8.17018565288
bill,-7.76472054477
governor,-8.17018565288
pace,-8.17018565288
while,-6.91742268438
socialism,-8.17018565288
replaced,-7.76472054477
@mittromney,-8.17018565288
‚Äúcongress,-8.17018565288
cages,-8.17018565288
kingdom,-8.17018565288
10000,-8.17018565288
impeaching,-8.17018565288
voters,-7.76472054477
@texangalcindy,-8.17018565288
motors,-8.17018565288
hoax,-7.47703847232
itself,-7.47703847232
finalists,-8.17018565288
ready,-7.76472054477
‚Äúholy,-8.17018565288
funny,-8.17018565288
anymore,-8.17018565288
‚Äúthis,-8.17018565288
jexodus.,-8.17018565288
rules,-7.76472054477
conflict,-8.17018565288
higher,-7.76472054477
development,-8.17018565288
used,-8.17018565288
lawyers,-7.76472054477
yesterday,-7.76472054477
@whitehouse,-6.6661082561
@lrihendry,-8.17018565288
401k‚Äôs,-8.17018565288
dark,-8.17018565288
lower,-8.17018565288
supersede,-8.17018565288
con‚Ä¶,-8.17018565288
spent,-8.17018565288
person,-8.17018565288
inflation,-8.17018565288
@mike_pence,-7.76472054477
@secretarysonny,-8.17018565288
spend,-7.76472054477
i‚Äôm,-7.76472054477
coup,-8.17018565288
‚Äúno,-8.17018565288
polled,-8.17018565288
shape,-8.17018565288
openly,-8.17018565288
questions,-7.76472054477
using,-8.17018565288
prince,-8.17018565288
‚Äúhit,-8.17018565288
also,-6.46543756064
...mexico‚Äôs,-8.17018565288
disappointed,-8.17018565288
workers,-7.76472054477
fentanyl,-8.17018565288
barack,-8.17018565288
questioned,-8.17018565288
@foxandfriends,-6.91742268438
los‚Ä¶,-8.17018565288
easter,-7.76472054477
surprised,-8.17018565288
ridiculously,-8.17018565288
complaint,-8.17018565288
victims,-8.17018565288
emergency,-8.17018565288
demands,-8.17018565288
showing,-8.17018565288
emanating,-8.17018565288
https://t.co/j3atzbg7ao,-8.17018565288
game,-7.25389492101
dearly,-8.17018565288
whistleblower.....,-8.17018565288
collapse#boycottcnn#boycottcnn#fakenewscnn#wakeupa‚Ä¶,-8.17018565288
success,-7.76472054477
signal,-8.17018565288
@lisalimaaa,-8.17018565288
ignore,-8.17018565288
continue,-7.47703847232
indication,-8.17018565288
https://t.co/uc81dzhbu2,-8.17018565288
google,-7.76472054477
senate,-7.76472054477
spring,-8.17018565288
some,-7.25389492101
back,-6.56074774045
impeach,-7.76472054477
#witchhunt,-8.17018565288
strongest,-8.17018565288
economic,-7.76472054477
palm,-8.17018565288
pricing,-8.17018565288
canadians,-8.17018565288
dilapidated,-8.17018565288
decision,-8.17018565288
https://t.co/culshq7aqi,-8.17018565288
lowest,-8.17018565288
everybody,-8.17018565288
https://t.co/jsn63yh93g,-8.17018565288
step,-8.17018565288
nowhere,-8.17018565288
lawfulness,-8.17018565288
become,-8.17018565288
....this,-8.17018565288
faith,-8.17018565288
https://t.co/netvaaevtr,-8.17018565288
anything,-7.76472054477
https://t.co/p5imhmjqs1,-8.17018565288
deductibles,-8.17018565288
@freedomcaucus,-8.17018565288
@ingrahamangle,-7.76472054477
podesta,-7.47703847232
block,-8.17018565288
seeing,-7.76472054477
david,-7.76472054477
jimmy,-8.17018565288
clinton,-7.47703847232
hemingway,-8.17018565288
within,-8.17018565288
nonsense,-8.17018565288
framed,-8.17018565288
services,-8.17018565288
pundit,-8.17018565288
‚Äúi,-7.76472054477
spending,-8.17018565288
...i,-8.17018565288
question,-8.17018565288
long,-8.17018565288
forward,-7.47703847232
footage,-8.17018565288
suppression,-8.17018565288
opponent,-8.17018565288
usa..,-8.17018565288
himself,-8.17018565288
‚Äútaken,-8.17018565288
jewish,-7.76472054477
murphy,-8.17018565288
‚Äúintelligence,-7.76472054477
immigration,-6.91742268438
properly,-8.17018565288
russian,-7.76472054477
line,-8.17018565288
recision,-8.17018565288
pro-life,-8.17018565288
impeachment.....,-8.17018565288
loopholes,-7.76472054477
ame‚Ä¶,-8.17018565288
early‚Ä¶,-8.17018565288
....,-7.76472054477
(starting,-8.17018565288
similar,-8.17018565288
called,-6.91742268438
sometimes,-8.17018565288
associated,-8.17018565288
likewise,-8.17018565288
influence,-8.17018565288
u.s.a,-8.17018565288
curb,-8.17018565288
...the,-8.17018565288
graham,-8.17018565288
swamp,-7.25389492101
fixing,-8.17018565288
history....,-8.17018565288
https://t.co/k76bqemldk,-8.17018565288
excuses,-8.17018565288
department,-8.17018565288
non-credible,-8.17018565288
nice,-7.25389492101
problems,-8.17018565288
helping,-8.17018565288
smiled,-8.17018565288
hanson,-8.17018565288
worse.....,-8.17018565288
land,-7.76472054477
happier,-8.17018565288
over charging union dues alert,-8.17018565288
summit,-8.17018565288
real:los,-8.17018565288
having,-7.76472054477
once,-7.47703847232
issued,-8.17018565288
results,-8.17018565288
steve,-7.76472054477
gang,-8.17018565288
gossip,-8.17018565288
psycho,-8.17018565288
contributions,-8.17018565288
gold,-8.17018565288
https://t.co/ybpgjt4n1t,-8.17018565288
grenadier,-8.17018565288
necessary...,-8.17018565288
intensive,-8.17018565288
does,-7.76472054477
helps,-8.17018565288
sent,-8.17018565288
@gopleader,-7.76472054477
wished,-8.17018565288
mainstream,-7.76472054477
continues,-7.76472054477
‚Äúthey,-8.17018565288
congresswomen...,-8.17018565288
facebook,-7.76472054477
entire,-6.91742268438
michael,-8.17018565288
@mariabartiromo,-8.17018565288
race,-7.76472054477
polling,-8.17018565288
@tgrande7,-8.17018565288
bernie,-8.17018565288
@teamtrump,-8.17018565288
carter,-8.17018565288
@kilmeade,-7.76472054477
maintain,-8.17018565288
7:00pm,-7.47703847232
‚Äúdossier‚Äù,-8.17018565288
acid,-8.17018565288
makers,-8.17018565288
victor,-8.17018565288
power,-8.17018565288
giving,-8.17018565288
access,-8.17018565288
capital,-8.17018565288
chose,-8.17018565288
@lindseygrahamsc,-7.76472054477
delivering,-8.17018565288
following,-8.17018565288
weirdo,-8.17018565288
separation,-8.17018565288
others,-6.91742268438
haters,-8.17018565288
https://t.co/yj0vkdnxhp,-8.17018565288
easily....,-8.17018565288
@govivey,-8.17018565288
ukraine,-6.91742268438
great,-5.10213271775
involved,-7.47703847232
leaving,-7.07157336421
‚Äúhigh,-8.17018565288
opinion,-8.17018565288
spicer,-8.17018565288
makes,-8.17018565288
honor,-6.78389129176
@cvpayne,-8.17018565288
deputy,-8.17018565288
private,-8.17018565288
made...,-8.17018565288
nijmegen,-8.17018565288
motor,-8.17018565288
oval,-8.17018565288
scandal,-8.17018565288
lima,-8.17018565288
standing,-8.17018565288
confidence,-8.17018565288
from,-5.64445700857
@dbongino,-6.6661082561
remains,-7.76472054477
illegal,-6.91742268438
he‚Äôd,-8.17018565288
next,-7.47703847232
expanding,-8.17018565288
he‚Äôs,-7.47703847232
themselves,-7.25389492101
reflects,-8.17018565288
misdemeanors‚Äù,-8.17018565288
started,-7.76472054477
(are,-8.17018565288
testified,-8.17018565288
occurred,-8.17018565288
missile,-8.17018565288
payne,-8.17018565288
carrying,-8.17018565288
@seanhannity,-7.47703847232
appointed,-8.17018565288
women,-8.17018565288
account,-7.76472054477
#40yearsoffailure,-8.17018565288
this,-5.30798477195
pour,-8.17018565288
recession,-8.17018565288
meet,-8.17018565288
patrol,-7.07157336421
process,-8.17018565288
purposes,-8.17018565288
high,-7.25389492101
effectively,-8.17018565288
hilton,-8.17018565288
something,-7.47703847232
people.‚Äù,-8.17018565288
rape,-8.17018565288
united,-6.29838347598
romneyromney,-8.17018565288
african-americans,-8.17018565288
establishment,-8.17018565288
stock,-8.17018565288
stop,-6.6661082561
testimony,-8.17018565288
ronald,-8.17018565288
scammer,-8.17018565288
@woofeous,-8.17018565288
realized,-8.17018565288
nancy,-7.47703847232
healthcare,-7.76472054477
furious,-8.17018565288
closely,-8.17018565288
president‚Ä¶,-8.17018565288
despite,-7.47703847232
produced,-8.17018565288
https://t.co/evxfeqckat,-8.17018565288
including,-7.76472054477
looks,-7.47703847232
mentioned,-8.17018565288
agricultural,-8.17018565288
warren,-8.17018565288
perfect,-7.76472054477
winning,-8.17018565288
meantime,-8.17018565288
willing,-7.25389492101
2019,-7.76472054477
2014,-8.17018565288
2016,-7.25389492101
2012,-8.17018565288
‚Äúcrazed‚Äù,-8.17018565288
auto,-8.17018565288
flew,-8.17018565288
mention,-8.17018565288
legendary,-8.17018565288
hands,-8.17018565288
front,-7.76472054477
republican,-7.07157336421
investor,-8.17018565288
presidential,-7.07157336421
successor,-8.17018565288
https://t.co/yuc9ix01gf,-8.17018565288
‚Äúthank,-8.17018565288
secures,-8.17018565288
truth,-8.17018565288
involvement,-8.17018565288
33000,-8.17018565288
seniors,-8.17018565288
(the,-8.17018565288
doing,-6.56074774045
registration,-8.17018565288
t‚Ä¶,-7.76472054477
https://t.co/qr3jevdayp,-8.17018565288
related,-8.17018565288
over‚Äù,-8.17018565288
books,-8.17018565288
do.‚Äù,-8.17018565288
Ôªørt,-8.17018565288
matt,-8.17018565288
‚Äúrolling,-8.17018565288
activist,-8.17018565288
wondrous,-8.17018565288
we‚Äôre,-7.47703847232
supports,-7.76472054477
announced,-8.17018565288
cryin‚Äô,-8.17018565288
to...,-8.17018565288
york,-6.91742268438
conservatives,-8.17018565288
embarrass,-8.17018565288
things),-8.17018565288
could,-6.56074774045
florida,-8.17018565288
keep,-7.25389492101
conversation,-7.25389492101
produce,-8.17018565288
davis,-8.17018565288
south,-8.17018565288
powerful,-7.76472054477
barr,-8.17018565288
owner,-8.17018565288
reached,-8.17018565288
sadly,-7.76472054477
bears,-8.17018565288
data,-8.17018565288
creator,-8.17018565288
system,-6.91742268438
adopted,-8.17018565288
their,-5.81881039572
intelligence,-7.47703847232
https://t.co/3ywjoo6mnz,-8.17018565288
enforcement,-7.25389492101
living‚Ä¶they,-8.17018565288
exactly,-8.17018565288
environmental,-8.17018565288
@secazar,-8.17018565288
manipulation,-8.17018565288
steel,-8.17018565288
hearings,-7.76472054477
shampoo,-8.17018565288
accomplish.we,-8.17018565288
whenever,-8.17018565288
decided,-7.76472054477
loves,-6.91742268438
anti-trump,-7.76472054477
https://t.co/ahxg0siuml,-8.17018565288
villains,-8.17018565288
cohen,-8.17018565288
(did,-8.17018565288
tonight,-7.07157336421
fail,-8.17018565288
have,-5.03469143695
chambers,-8.17018565288
need,-6.91742268438
border,-5.68527900309
documents,-8.17018565288
dallas,-8.17018565288
message,-8.17018565288
which,-6.6661082561
you‚Äôd,-8.17018565288
@philmickelson,-8.17018565288
#usstatevisi‚Ä¶,-8.17018565288
unless,-8.17018565288
allow,-8.17018565288
clash,-8.17018565288
collaboration,-8.17018565288
medal,-8.17018565288
https://t.co/z6ovqur8lt,-8.17018565288
so-called,-7.76472054477
https://t.co/9fnyizjkqx,-8.17018565288
stronger,-8.17018565288
face,-7.76472054477
fact,-7.76472054477
violation,-8.17018565288
agreed,-8.17018565288
charles,-8.17018565288
anyway,-8.17018565288
bring,-7.47703847232
democrats,-5.68527900309
soldiers,-8.17018565288
*obvious*,-8.17018565288
debate,-8.17018565288
partners,-8.17018565288
envy,-7.76472054477
based,-8.17018565288
sheriff,-8.17018565288
should,-6.03011948938
brighter,-8.17018565288
fuel,-8.17018565288
local,-7.76472054477
hope,-8.17018565288
move,-7.76472054477
cranks,-8.17018565288
means,-7.76472054477
whistleblower,-6.29838347598
lucky,-8.17018565288
impeachment,-6.46543756064
....coming,-8.17018565288
words,-8.17018565288
https://t.co/wtlc1ffzwl,-8.17018565288
176000,-8.17018565288
'spying',-8.17018565288
taxes,-8.17018565288
teams,-8.17018565288
reid,-8.17018565288
deception.‚Äù,-8.17018565288
montoursville,-8.17018565288
ohio,-7.25389492101
calif‚Ä¶,-8.17018565288
strengthened,-8.17018565288
national,-7.25389492101
https://t.co/kknwcfhawb,-8.17018565288
immigrant,-8.17018565288
officials,-7.76472054477
unfairly,-7.76472054477
packed,-8.17018565288
turks,-8.17018565288
trump.,-8.17018565288
horribly,-8.17018565288
macron,-8.17018565288
state,-6.29838347598
correctly,-8.17018565288
horrible,-8.17018565288
tens,-7.47703847232
progress,-7.76472054477
neither,-8.17018565288
dirty,-8.17018565288
opening,-8.17018565288
agencies,-8.17018565288
schiff's,-8.17018565288
approval,-8.17018565288
legit,-8.17018565288
‚Äúwill‚Äù,-8.17018565288
new.....,-8.17018565288
https://t.co/la4rsytzo0,-8.17018565288
career,-8.17018565288
joke,-8.17018565288
taking,-8.17018565288
drug,-7.76472054477
april,-8.17018565288
admit,-7.76472054477
‚Äúgeniuses‚Äù,-8.17018565288
https://t.co/hyippm4q7b,-8.17018565288
relevant,-8.17018565288
opposition,-8.17018565288
wall,-6.6661082561
@abeshinzo,-8.17018565288
incest,-8.17018565288
numbers),-8.17018565288
‚Äúbust‚Äù,-8.17018565288
pouring,-8.17018565288
tremendous,-7.07157336421
it's,-7.47703847232
apologize,-7.47703847232
https://t.co/quuebffo44,-8.17018565288
president‚Äù,-8.17018565288
slowly,-8.17018565288
treat,-8.17018565288
proposal,-8.17018565288
uplifted,-8.17018565288
faced,-8.17018565288
...danny‚Äôs,-8.17018565288
protect,-7.47703847232
‚Äúanchors.‚Äù,-8.17018565288
minneapolis,-7.76472054477
prescription,-8.17018565288
reeves,-8.17018565288
present,-8.17018565288
unlike,-8.17018565288
@alicetweet,-8.17018565288
‚Äúskyfall‚Äù,-8.17018565288
@shannonbream,-8.17018565288
countries),-8.17018565288
file,-8.17018565288
#maga‚Ä¶,-8.17018565288
almost,-7.25389492101
delusion,-8.17018565288
helped,-8.17018565288
draining,-8.17018565288
‚Äúprogressives‚Äù,-8.17018565288
against,-6.91742268438
partner,-8.17018565288
greater,-8.17018565288
portray,-8.17018565288
perhaps,-6.91742268438
#reservecitizenairmen,-8.17018565288
administration,-6.91742268438
parts,-8.17018565288
speaker,-7.47703847232
northwest,-8.17018565288
docs,-7.76472054477
lengthening,-8.17018565288
party,-6.78389129176
gets,-8.17018565288
powell,-7.76472054477
ball,-8.17018565288
again,-6.29838347598
reporting,-8.17018565288
identity,-8.17018565288
center,-7.47703847232
fully,-7.25389492101
nevertheless,-8.17018565288
weapon,-8.17018565288
usmca,-7.47703847232
fighting,-7.76472054477
southeastern,-8.17018565288
thought,-7.47703847232
mccabe,-8.17018565288
drone,-8.17018565288
command,-8.17018565288
deserve,-8.17018565288
position,-8.17018565288
have....coalesced,-8.17018565288
yuge,-8.17018565288
less,-7.76472054477
accurate,-7.76472054477
‚Äúattorney,-8.17018565288
sources,-8.17018565288
mistakes,-8.17018565288
protecting,-8.17018565288
paul,-8.17018565288
let‚Äôs,-8.17018565288
point,-8.17018565288
smith,-8.17018565288
killed,-7.76472054477
https://t.co/haqstqdgw5,-8.17018565288
other,-6.29838347598
nato,-7.76472054477
citizen,-8.17018565288
increased,-8.17018565288
government,-7.25389492101
judiciary,-7.76472054477
know,-6.91742268438
burden,-8.17018565288
immediately,-7.47703847232
like,-6.37842618365
@stevedoocy,-7.76472054477
miami,-8.17018565288
journalism,-8.17018565288
loser,-8.17018565288
taxpayers,-8.17018565288
lose,-8.17018565288
simply,-8.17018565288
works,-8.17018565288
page,-7.76472054477
amendment,-7.76472054477
because,-6.6661082561
twitter,-8.17018565288
illegally,-8.17018565288
platforms,-8.17018565288
growth,-8.17018565288
home,-7.07157336421
@realdonald‚Ä¶,-8.17018565288
media/dems,-8.17018565288
obsessed,-8.17018565288
....united,-8.17018565288
hurricane,-7.47703847232
anti-semitism,-7.76472054477
leader,-7.76472054477
rip-off,-8.17018565288
300000,-8.17018565288
states.‚Äù,-8.17018565288
inaccurate,-7.47703847232
mitt,-8.17018565288
institute‚Äôs,-8.17018565288
pressure,-8.17018565288
#barry,-7.76472054477
adjustment.‚Äù,-8.17018565288
about,-6.0907441112
actual,-8.17018565288
getting,-6.91742268438
freedom,-7.76472054477
surge,-8.17018565288
angeles,-8.17018565288
#usmcanow,-8.17018565288
strassel,-8.17018565288
that‚Äôs,-7.76472054477
report.‚Äù,-8.17018565288
executives,-8.17018565288
glenn,-8.17018565288
washington,-7.76472054477
billions,-7.47703847232
assess,-8.17018565288
guard,-8.17018565288
weather,-8.17018565288
promise,-7.76472054477
lawful,-7.47703847232
mr president you have stood up and you‚Äôve taken the action and the american people are behind you and‚Ä¶,-8.17018565288
wack,-8.17018565288
atkinson,-8.17018565288
inner,-8.17018565288
biggest,-7.76472054477
gulf....,-8.17018565288
north,-6.46543756064
i've,-8.17018565288
@jessebwatters,-8.17018565288
courts,-8.17018565288
highest,-8.17018565288
made,-6.91742268438
tactics,-8.17018565288
glory,-8.17018565288
....used,-8.17018565288
whether,-7.76472054477
dangerous,-8.17018565288
rus‚Ä¶,-8.17018565288
‚Äúunity,-8.17018565288
record,-7.47703847232
(blumenthal),-8.17018565288
stories,-8.17018565288
problem,-7.76472054477
https://t.co/9z5jhauv6n,-8.17018565288
non-existent,-8.17018565288
reciprocated,-8.17018565288
jenny,-8.17018565288
h‚Ä¶,-7.76472054477
job‚Äù,-8.17018565288
credibility...but,-8.17018565288
goodness,-7.76472054477
incredible,-7.47703847232
percent,-8.17018565288
illinois,-8.17018565288
book,-8.17018565288
special,-7.76472054477
sick,-7.76472054477
@foxnews,-6.91742268438
francisco,-8.17018565288
star,-8.17018565288
#dorian,-7.76472054477
monday,-8.17018565288
@jim_jordan,-7.76472054477
stay,-8.17018565288
friends,-7.76472054477
and.....,-7.76472054477
@daniel4scboone,-8.17018565288
‚Äúmatch‚Äù,-8.17018565288
starting,-7.76472054477
status,-8.17018565288
news),-8.17018565288
simpson,-8.17018565288
