(i‚Äôve,-8.97176587363
ever),-8.97176587363
klobuchar,-8.97176587363
foul,-8.56630076552
four,-8.97176587363
facilities,-8.56630076552
jihad,-8.97176587363
hating,-8.56630076552
inherited),-8.97176587363
class‚Äù,-8.97176587363
hate,-7.26701778139
(which,-8.97176587363
payoff,-8.97176587363
increase,-8.97176587363
votes,-7.87315358496
feeding,-8.97176587363
individual.‚Äù,-8.97176587363
paris,-8.97176587363
according,-8.97176587363
voted,-8.27861869307
under,-7.26701778139
sorry,-8.56630076552
worth,-8.27861869307
report.‚Äù,-8.97176587363
@breitbartnews,-8.97176587363
updated,-8.97176587363
lack,-8.97176587363
rescue,-8.97176587363
commerce,-8.97176587363
regional,-8.97176587363
(schiff,-8.97176587363
antifa.‚Äù,-8.97176587363
replaces,-8.97176587363
every,-7.26701778139
jack,-8.56630076552
reforms,-8.97176587363
...said,-8.97176587363
bringing,-8.97176587363
encounter,-8.97176587363
tickets,-8.97176587363
presidency,-8.27861869307
obstruction,-7.87315358496
o‚Äôrourke,-8.97176587363
security/no,-8.97176587363
companies,-7.3623279612
wednesday,-8.97176587363
lamestream,-8.97176587363
unrelated,-8.97176587363
irrationally,-8.97176587363
unhinged,-8.27861869307
shows,-7.87315358496
straight,-8.56630076552
enjoy,-8.56630076552
jamaica,-8.97176587363
complex.‚Äù,-8.97176587363
force,-8.56630076552
leaders,-8.05547514176
tired,-8.56630076552
they.....,-8.97176587363
https://t.co/isfaokoip7,-8.97176587363
budget,-8.97176587363
across,-8.97176587363
second,-8.05547514176
louder,-8.97176587363
‚Äúrocking‚Äù,-8.97176587363
.@sadiqkhan,-8.97176587363
others),-8.97176587363
(just,-8.97176587363
even,-6.2976172242
brexit,-8.97176587363
pace,-8.97176587363
declassified,-8.97176587363
saved,-8.56630076552
beaten,-8.97176587363
contributed,-8.97176587363
near,-8.56630076552
liberty,-8.97176587363
lights,-8.97176587363
hostile,-8.97176587363
above,-8.56630076552
https://t.co/hwinicshly,-8.97176587363
gillespie,-8.97176587363
ever,-6.19917715139
stooges,-8.97176587363
told,-7.46768847686
hero,-8.97176587363
retry,-8.97176587363
never,-5.69462114064
richest,-8.97176587363
here,-7.3623279612
hundreds,-8.97176587363
betweenüá∫üá∏üá¶üá∫both,-8.97176587363
.....shouting,-8.97176587363
protection,-8.97176587363
china,-6.66918078064
represented,-8.97176587363
path,-8.27861869307
transcripts,-8.97176587363
schiff,-7.1800064044
kids,-8.97176587363
forum,-8.97176587363
....kahn,-8.97176587363
groveling,-8.97176587363
elpaso,-8.97176587363
credit,-8.56630076552
harass,-8.97176587363
omar,-7.87315358496
military,-7.09996369673
mistake,-8.97176587363
changes,-8.27861869307
subjected,-8.97176587363
vacations,-8.97176587363
appropriately,-8.97176587363
fantastic,-7.87315358496
‚Äúpolitical,-8.97176587363
lead-up),-8.97176587363
campaign,-6.83169971014
reagan,-8.56630076552
highly,-7.46768847686
brought,-7.71900290514
lied...many,-8.97176587363
suffered,-8.97176587363
total,-7.02585572458
circumvent,-8.97176587363
sarah,-8.56630076552
cheating,-8.97176587363
spoke,-7.87315358496
would,-5.75289004876
army,-8.97176587363
compensation,-8.97176587363
hospital,-8.56630076552
mexico,-6.13855252958
hanoi,-8.97176587363
negative,-8.56630076552
@themasters,-8.97176587363
call,-7.02585572458
therefore,-8.56630076552
spike,-8.97176587363
strike,-8.56630076552
25th,-8.97176587363
tell,-7.71900290514
1000,-8.97176587363
tolerated,-8.97176587363
successful,-7.46768847686
hereby,-8.56630076552
phony,-7.71900290514
reign,-8.97176587363
aware,-8.97176587363
phone,-8.56630076552
warm,-8.97176587363
robbing,-8.56630076552
hold,-8.27861869307
tariff,-8.27861869307
‚Äúcave‚Äù,-8.97176587363
overrun,-8.97176587363
must,-6.23092584971
(many,-8.97176587363
join,-8.56630076552
room,-8.56630076552
1997,-8.97176587363
rights,-8.56630076552
pursue,-8.97176587363
1998,-8.97176587363
unfailing,-8.97176587363
work,-6.57387060083
(cleaning,-8.97176587363
grovel,-8.97176587363
temperatures,-8.56630076552
times.‚Äù,-8.97176587363
exceptions,-8.97176587363
jamal,-8.97176587363
loosen,-8.97176587363
wand,-8.97176587363
give,-7.3623279612
india,-8.56630076552
currency,-8.97176587363
campuses.https://t.co/gffnsl1bef,-8.97176587363
‚Äúracist.‚Äù,-8.97176587363
"$600,-8.97176587363
want,-6.16840549272
times,-7.26701778139
absolute,-8.56630076552
morning‚Äôs,-8.97176587363
poverty,-8.97176587363
turn,-8.27861869307
complaining,-8.56630076552
travel,-8.97176587363
https://t.co/lep2rv28ge,-8.97176587363
machine,-8.56630076552
amazing,-7.46768847686
writers,-8.97176587363
accusations,-8.97176587363
answer,-8.56630076552
gate,-8.97176587363
resignation,-8.97176587363
charging,-8.97176587363
biden‚Äôs,-8.97176587363
mueller,-7.02585572458
elizabeth,-8.27861869307
beauty,-8.56630076552
mess,-7.71900290514
after,-6.48685922384
vicious,-8.97176587363
wrong,-7.58547151251
(actually,-8.97176587363
biting,-8.97176587363
president,-5.29546520172
wouldn‚Äôt,-8.27861869307
attempt,-8.97176587363
392 ",-8.97176587363
third,-8.27861869307
@flotus,-8.05547514176
wins,-8.56630076552
#potusinjapanüá∫üá∏üáØüáµ,-8.97176587363
https://t.co/qeubwdswfr,-8.97176587363
pullout,-8.97176587363
cigarettes,-8.97176587363
18th,-8.97176587363
upside,-8.97176587363
enter,-8.97176587363
aloud,-8.97176587363
....i,-8.27861869307
democratic,-8.56630076552
order,-7.71900290514
‚Äúbreaking,-8.97176587363
wine,-8.97176587363
senators,-8.56630076552
infested,-8.56630076552
to....,-8.97176587363
office,-8.05547514176
devote,-8.97176587363
clapper,-8.97176587363
over,-6.2976172242
satisfied,-8.97176587363
london,-8.05547514176
ideologies,-8.97176587363
japan,-8.05547514176
TRUE,-7.58547151251
mayor,-7.46768847686
bombing,-8.97176587363
what‚Äôs,-8.97176587363
difference,-8.97176587363
defrauded,-8.97176587363
personal,-8.97176587363
interfere,-8.97176587363
writing,-8.97176587363
better,-6.7745412963
weeks,-8.05547514176
virtually,-8.27861869307
then,-7.71900290514
them,-6.26371567253
affected,-8.56630076552
combination,-8.97176587363
than..,-8.97176587363
weakness,-8.97176587363
safe,-8.27861869307
supporter,-8.56630076552
finish,-8.97176587363
break,-8.97176587363
hispanics,-8.56630076552
stoltenberg,-8.97176587363
shameful,-8.97176587363
they,-4.73043912106
payback,-8.97176587363
vaping,-8.56630076552
structural,-8.97176587363
rhetoric,-8.97176587363
el-sisi,-8.97176587363
rocky,-8.56630076552
hillary‚Äôs,-8.97176587363
chuck,-7.87315358496
victory,-7.58547151251
each,-8.27861869307
went,-8.27861869307
loyalties,-8.97176587363
side,-7.87315358496
bone,-8.97176587363
@cnn,-8.56630076552
signing,-8.97176587363
financial,-8.97176587363
suspended,-8.97176587363
fairly,-7.71900290514
crimes,-7.1800064044
stronger,-7.87315358496
january,-8.56630076552
celebrating,-8.97176587363
substantially,-8.27861869307
cathedral,-8.27861869307
truman,-8.97176587363
saturday,-8.97176587363
https://t.co/i5acsgurck,-8.97176587363
network,-8.97176587363
https://t.co/7zckcuq4ya,-8.97176587363
cameras,-8.97176587363
maduro,-8.97176587363
george,-8.56630076552
recrimination,-8.97176587363
encourage,-8.97176587363
surprise,-8.97176587363
venezuela,-7.87315358496
...what,-8.97176587363
turning,-8.97176587363
barrier,-7.71900290514
u.s.,-8.56630076552
little,-7.3623279612
free,-8.05547514176
negotiate,-8.56630076552
campaigns,-8.97176587363
crime),-8.97176587363
vets,-8.97176587363
council.,-8.97176587363
https://t.co/shs0rkxjzf,-8.97176587363
wanted,-8.05547514176
juan,-8.97176587363
created,-8.27861869307
days,-7.46768847686
heading,-7.71900290514
pence,-8.56630076552
oppose,-8.97176587363
can‚Äôt,-7.09996369673
moving,-8.27861869307
crossings,-8.97176587363
üá∫üá∏üáØüáµ,-8.97176587363
https://t.co/qkgwrmsgcf,-8.97176587363
features,-8.97176587363
primary,-8.56630076552
rank,-8.97176587363
hearing,-8.97176587363
staying,-8.97176587363
of.....,-8.97176587363
‚Äúbig,-8.97176587363
another,-7.46768847686
inexpensive),-8.97176587363
.....congresswomen,-8.97176587363
bahamas,-8.56630076552
renovated,-8.97176587363
service,-8.97176587363
#maga2020,-8.97176587363
https://t.co/zqbttlbgmp,-8.97176587363
checker,-8.56630076552
heights,-8.97176587363
(there,-8.97176587363
needed,-8.05547514176
rates,-8.27861869307
witnessing,-8.97176587363
disbarred,-8.97176587363
world.‚Äù,-8.97176587363
hollywood,-8.97176587363
john,-7.87315358496
listen,-8.97176587363
ceiling,-8.97176587363
streets,-8.97176587363
#cheer4usa,-8.97176587363
luncheon,-8.97176587363
leaking,-8.56630076552
took,-7.71900290514
wisdom,-8.97176587363
somewhat,-8.56630076552
wasted,-8.27861869307
texas.,-8.97176587363
https://t.co/hirl10zwzl,-8.97176587363
begins,-8.97176587363
distance,-8.97176587363
FALSE,-7.58547151251
frankly,-8.97176587363
nominate,-8.97176587363
immigrants,-7.58547151251
zero,-7.87315358496
nations,-8.27861869307
project,-8.05547514176
don‚Äôt,-6.36907618819
speaking,-8.97176587363
https://t.co/jsordtwdea,-8.97176587363
‚Äúlefties‚Äù,-8.97176587363
223-306,-8.97176587363
10th,-8.56630076552
minus,-8.97176587363
desperate,-8.56630076552
fashion,-8.97176587363
sees,-8.97176587363
we‚Äôve,-8.56630076552
modern,-8.97176587363
mind,-8.97176587363
mine,-8.56630076552
regime,-8.97176587363
talking,-7.71900290514
media‚Äôs,-8.97176587363
seen,-7.3623279612
seem,-8.97176587363
contents,-8.97176587363
.....this,-8.97176587363
(making,-8.97176587363
(very,-8.97176587363
strength,-8.97176587363
thoroughly,-8.56630076552
https://t.co/yowcqluxbd,-8.97176587363
snow,-8.27861869307
sound,-8.56630076552
winds.,-8.97176587363
wall.‚Äù,-8.56630076552
china‚Äôs,-8.97176587363
https://t.co/njghdfqihx,-8.97176587363
subpoena,-8.97176587363
pander,-8.97176587363
nobody,-8.97176587363
though,-8.56630076552
bruce,-8.97176587363
catastrophe,-8.56630076552
passover,-8.97176587363
cummings,-7.71900290514
letter,-8.27861869307
exercises,-8.97176587363
zealand,-8.56630076552
@chucktodd,-8.97176587363
stupid,-8.97176587363
antifa,-8.97176587363
cops,-8.56630076552
medical,-8.97176587363
economy....,-8.97176587363
flow,-8.56630076552
swamp,-7.87315358496
points,-8.56630076552
traffickers....,-8.97176587363
doesn‚Äôt,-7.3623279612
consumer,-8.97176587363
annoyed,-8.97176587363
came,-7.87315358496
reserve,-8.97176587363
saying,-7.71900290514
yesterday‚Äôs,-8.97176587363
inspire,-8.97176587363
opinions,-8.97176587363
meetings,-7.87315358496
queen,-8.56630076552
nominated,-8.56630076552
greenville,-8.97176587363
attempts,-8.97176587363
qaeda,-8.97176587363
poison,-8.97176587363
respectfully,-8.97176587363
earth,-8.27861869307
enjoyed,-8.97176587363
judges,-8.97176587363
prevailed,-8.97176587363
headline,-8.56630076552
explain,-8.05547514176
minnesota,-7.87315358496
bust,-8.27861869307
rico,-8.56630076552
theme,-8.56630076552
‚Äúphantom,-8.97176587363
foolishly,-8.27861869307
announce,-8.27861869307
Ôªødemocrats,-8.97176587363
custom,-8.97176587363
asians,-8.97176587363
petrified,-8.56630076552
watch,-7.58547151251
colleagues,-8.97176587363
yielded,-8.97176587363
guatemala,-8.97176587363
justice....,-8.97176587363
despite,-7.58547151251
report,-6.89232433195
nasty,-8.97176587363
sandy,-8.97176587363
f...ing,-8.97176587363
hall,-8.97176587363
freedoms,-8.97176587363
covering,-8.56630076552
nicely,-8.56630076552
https://t.co/lgxkuzmjii,-8.97176587363
https://t.co/xiw4jtjknl,-8.97176587363
collusion,-6.72047407502
guns,-8.97176587363
twice,-8.97176587363
release,-8.56630076552
steal,-8.27861869307
setup,-8.97176587363
secretary,-8.56630076552
headed,-8.97176587363
caravan,-8.97176587363
new),-8.97176587363
decides,-8.56630076552
disaster,-8.97176587363
fair,-8.27861869307
branding,-8.97176587363
inept,-8.97176587363
testing,-8.97176587363
policy‚Äù,-8.97176587363
zones,-8.97176587363
checks,-8.97176587363
demented,-8.97176587363
decided,-8.56630076552
result,-8.97176587363
holding,-8.97176587363
corrupt,-6.57387060083
best,-6.48685922384
subject,-8.56630076552
brazil,-8.56630076552
said,-6.36907618819
capacity,-8.97176587363
mitch,-8.56630076552
lots,-8.97176587363
away,-7.58547151251
hoax...and,-8.97176587363
patients,-8.27861869307
droves,-8.97176587363
nadler,-8.27861869307
unable,-8.56630076552
finger,-8.97176587363
hopefully,-8.05547514176
previous,-8.27861869307
expedition....every,-8.97176587363
insinuated,-8.97176587363
wage,-8.97176587363
reiterate,-8.97176587363
malpractice,-8.97176587363
nature,-8.97176587363
weak,-8.05547514176
however,-8.97176587363
box‚Äù,-8.97176587363
fireworks‚Äù,-8.97176587363
news,-5.73308742147
debt,-8.56630076552
faced,-8.97176587363
received,-8.97176587363
(maybe),-8.97176587363
accident,-8.97176587363
reported,-8.05547514176
country,-5.24607244639
u.s./south,-8.97176587363
‚Äúlast,-8.97176587363
against,-6.7745412963
....that,-8.97176587363
games,-8.56630076552
planned,-8.56630076552
faces,-8.97176587363
expense,-8.97176587363
confronted,-8.97176587363
asked,-7.3623279612
‚Äútrying,-8.97176587363
peacefully,-8.97176587363
suggest,-8.97176587363
tough,-8.56630076552
america‚Äôs,-8.56630076552
royal,-8.97176587363
vain,-8.97176587363
(including,-8.56630076552
karen,-8.97176587363
401-k‚Äôs,-8.97176587363
loaded,-8.97176587363
humming,-8.97176587363
trust,-8.56630076552
.@billdeblasio,-8.97176587363
apprehended,-8.05547514176
speak,-7.46768847686
conference,-8.56630076552
president.....,-8.97176587363
jobless,-8.27861869307
beef,-8.97176587363
basis,-8.56630076552
union,-8.27861869307
israel‚Äôs,-8.97176587363
three,-8.05547514176
been,-5.4905257843
quickly,-7.26701778139
commission,-8.97176587363
beer,-8.97176587363
much,-6.05399514155
interest,-8.97176587363
basic,-8.97176587363
privilege,-8.97176587363
rebuffed.....,-8.97176587363
celebration,-8.05547514176
towns,-8.97176587363
incompetent,-8.05547514176
life,-7.71900290514
families,-8.56630076552
easy,-7.26701778139
relaxing,-8.97176587363
drugs,-6.83169971014
quantities,-8.97176587363
concerning,-8.97176587363
republicans,-6.95686285309
uncommon,-8.97176587363
craft,-8.97176587363
child,-8.56630076552
worked,-8.56630076552
haters,-8.05547514176
chill,-8.97176587363
unpopular,-8.97176587363
east,-8.97176587363
chabad,-8.97176587363
d‚Äôantonio,-8.97176587363
economies,-8.97176587363
remaining,-8.97176587363
@presssec,-8.97176587363
evening,-8.05547514176
slam,-8.97176587363
stopping,-8.97176587363
property,-8.97176587363
papers),-8.97176587363
launched,-8.97176587363
wife‚Äôs,-8.97176587363
seven,-8.97176587363
played,-8.27861869307
wishers,-8.97176587363
discussions....,-8.97176587363
they‚Äôve,-8.56630076552
expenses,-8.97176587363
player,-8.27861869307
experts,-8.56630076552
reports,-8.56630076552
uplift,-8.97176587363
hong,-8.97176587363
stein,-8.97176587363
things,-6.89232433195
make,-6.19917715139
jerry,-8.97176587363
(mostly,-8.97176587363
complex,-8.97176587363
split,-8.97176587363
babies,-8.97176587363
incorrectly,-8.97176587363
80000,-8.97176587363
independent,-8.97176587363
dershowitz,-8.97176587363
....president,-8.97176587363
governors,-8.97176587363
evil,-8.05547514176
hand,-8.97176587363
runoff,-8.97176587363
unyielding,-8.97176587363
graduations,-8.97176587363
scale,-8.97176587363
exerted,-8.97176587363
jealous,-8.97176587363
opportunity,-8.27861869307
thoughts,-8.56630076552
bailed,-8.97176587363
indefinitely,-8.97176587363
kept,-8.97176587363
https://t.co/9fcqsur5bp,-8.97176587363
failing,-8.05547514176
suffering,-8.27861869307
airplanes,-8.97176587363
hispanic,-8.97176587363
resuming,-8.97176587363
greatest,-7.09996369673
mother,-8.97176587363
claims,-8.27861869307
camps,-8.97176587363
possesses,-8.97176587363
left,-6.66918078064
unified,-8.97176587363
just,-5.34742494066
unemployment,-7.1800064044
warmest,-8.97176587363
sleepy,-7.71900290514
unfair,-8.56630076552
rodent,-8.97176587363
al-badawi,-8.97176587363
thanks,-8.27861869307
human,-7.3623279612
facts,-8.27861869307
secure,-8.97176587363
hills,-8.97176587363
candidate,-8.56630076552
(long,-8.97176587363
coatesville,-8.97176587363
character,-8.97176587363
greatly,-8.05547514176
reasons....,-8.97176587363
board,-8.56630076552
innocent,-8.05547514176
prison,-8.97176587363
save,-8.97176587363
‚Äúax,-8.97176587363
gave,-7.87315358496
obstruction.‚Äù,-8.97176587363
insensitive,-8.97176587363
tactic,-8.97176587363
pelosi‚Äôs,-8.97176587363
gregg,-8.97176587363
bands,-8.97176587363
possible,-7.87315358496
well...,-8.97176587363
possibly,-8.56630076552
https://t.co/1tqg6qcvko,-8.97176587363
klacik,-8.97176587363
grandstanded,-8.97176587363
background,-8.97176587363
hallberg,-8.97176587363
judge,-8.27861869307
hamas,-8.97176587363
6:00,-8.97176587363
advanced,-8.97176587363
...back,-8.97176587363
cnn‚Äôs,-8.56630076552
appearing,-8.97176587363
hunt,-6.44603722932
dishonest,-7.58547151251
unnecessary,-8.97176587363
wrong.‚Äù,-8.97176587363
bad),-8.97176587363
night,-7.26701778139
security,-6.23092584971
misdemeanors,-8.05547514176
cowardice,-8.97176587363
attorney,-8.56630076552
right,-6.66918078064
honored,-8.56630076552
deal,-6.7745412963
people,-5.00147396008
orlando,-8.56630076552
‚Äúdid,-8.97176587363
proudly,-8.97176587363
dead,-8.97176587363
donald,-8.05547514176
jupiter,-8.97176587363
election,-6.48685922384
dear,-8.97176587363
harassment,-7.71900290514
https://t.co/3ouesgrw43,-8.97176587363
congratulate,-8.97176587363
‚Äúnew,-8.56630076552
fourth,-8.97176587363
opposite,-8.27861869307
comments,-8.97176587363
....through,-8.97176587363
everything,-7.71900290514
https://t.co/zvzel8iqsi,-8.97176587363
asking,-7.71900290514
trump.‚Äù,-8.97176587363
that...and,-8.97176587363
particular,-8.97176587363
deleted,-8.56630076552
predicting,-8.97176587363
.....united,-8.97176587363
decisions,-8.97176587363
disappeared,-8.97176587363
deadly,-8.97176587363
criminals,-8.27861869307
burr,-8.97176587363
losing,-8.56630076552
post,-8.05547514176
falls,-8.97176587363
super,-8.97176587363
cory,-8.97176587363
takes,-8.97176587363
census,-8.05547514176
attacks,-8.56630076552
dollars,-6.89232433195
citizens,-8.97176587363
dinner,-8.56630076552
barrage,-8.97176587363
ensure,-8.97176587363
efforts,-8.27861869307
bonkers,-8.97176587363
considerations,-8.97176587363
raised,-8.97176587363
statements,-7.46768847686
lied,-8.97176587363
civil,-8.97176587363
pays,-8.56630076552
jens,-8.97176587363
person.‚Äù,-8.97176587363
intellectual,-8.97176587363
down,-6.52941883826
lies,-8.05547514176
beings,-8.97176587363
greenland,-8.97176587363
donated,-8.97176587363
balanced,-8.97176587363
renovating,-8.97176587363
how....,-8.97176587363
dnc.,-8.97176587363
language.....,-8.97176587363
knowingly,-8.56630076552
crowd,-8.05547514176
conspiracy.‚Äù,-8.97176587363
amazingly,-8.97176587363
support,-7.46768847686
flying,-8.56630076552
available,-8.97176587363
class,-8.56630076552
senate,-6.7745412963
fought,-8.97176587363
normalized,-8.97176587363
fraction,-8.56630076552
greatness,-8.56630076552
music,-8.97176587363
did....,-8.97176587363
purposely,-8.97176587363
calm,-8.27861869307
lowest,-7.3623279612
underestimated,-8.97176587363
washed,-8.97176587363
offering,-8.56630076552
offer,-8.97176587363
‚Äúweakness‚Äù,-8.97176587363
magnificent,-8.27861869307
becoming,-7.87315358496
fireworks,-8.27861869307
conclusively,-8.97176587363
cuban,-8.97176587363
landing,-8.97176587363
‚Äústuff‚Äù,-8.97176587363
sandmann,-8.97176587363
heat,-8.97176587363
hear,-8.97176587363
melania,-8.05547514176
removed,-8.97176587363
atrocities,-8.97176587363
#entersandman,-8.97176587363
strzok‚Äôs,-8.97176587363
snowman(woman),-8.97176587363
congratulations,-7.26701778139
isis,-7.71900290514
u.s.a,-8.56630076552
markets,-8.56630076552
inside,-8.56630076552
ruined,-8.56630076552
generosity,-8.97176587363
unanimous,-8.97176587363
dues,-8.56630076552
pro-terrorist,-8.97176587363
later,-8.27861869307
disgrace,-8.05547514176
inclusive,-8.97176587363
request,-8.97176587363
covers,-8.56630076552
evidence,-7.87315358496
win.‚Äù,-8.97176587363
exist,-8.97176587363
promised,-8.27861869307
fashioned,-8.56630076552
well....,-8.97176587363
door,-8.97176587363
11000000,-8.97176587363
bore,-8.97176587363
negotiations,-8.27861869307
knows,-8.05547514176
colder,-8.97176587363
whereas,-8.97176587363
https://t.co/m7pct6n1ko,-8.97176587363
when,-6.1095649927
handed,-8.97176587363
negotiators,-8.97176587363
composite,-8.97176587363
setting,-8.27861869307
jong,-7.58547151251
investigations,-8.97176587363
test,-8.97176587363
unwilling,-8.97176587363
picture,-8.27861869307
https://t.co/pdmx9nzwvw,-8.97176587363
m‚Äôs,-8.97176587363
welcome,-8.05547514176
polite,-8.97176587363
wars,-8.56630076552
journey,-8.97176587363
invested,-8.97176587363
and/or,-8.97176587363
authorities,-8.97176587363
magnificence,-8.97176587363
hurt,-8.97176587363
talents,-8.56630076552
died,-8.97176587363
billion,-7.1800064044
apologizing,-8.97176587363
longer,-7.58547151251
bullet,-8.97176587363
disruption,-8.56630076552
memorial,-8.56630076552
together,-6.89232433195
loyal,-8.56630076552
vietnam,-7.46768847686
will....,-8.97176587363
reception,-8.97176587363
time,-5.75289004876
push,-8.97176587363
serious,-8.56630076552
precedent,-8.56630076552
overdue,-8.97176587363
perpetrated,-8.97176587363
global,-8.05547514176
focus,-8.27861869307
trail‚Äù,-8.97176587363
bye-bye,-8.56630076552
manager,-8.97176587363
mile,-8.97176587363
‚Äúgreen‚Äù,-8.97176587363
milk,-8.97176587363
devoted,-8.97176587363
hurry,-8.97176587363
jones,-8.56630076552
disgusting,-7.58547151251
contemplating,-8.97176587363
blocking,-8.56630076552
finally,-7.46768847686
unpleasant,-8.97176587363
marks,-8.97176587363
terror,-8.56630076552
sovereignty,-8.97176587363
pulitzer,-8.97176587363
veterans,-8.27861869307
jokingly,-8.97176587363
crooked‚Äôs,-8.97176587363
pompeo,-8.97176587363
https://t.co/fwtob1xotg,-8.97176587363
none,-8.97176587363
choice,-7.71900290514
tanks,-8.97176587363
word,-8.05547514176
trouble,-8.56630076552
exact,-8.97176587363
responders,-8.97176587363
hour,-8.27861869307
level,-7.71900290514
democrat,-6.52941883826
leave,-8.05547514176
solved,-8.97176587363
soooo,-8.97176587363
settle,-8.97176587363
team,-7.58547151251
you‚Äôll,-8.97176587363
manchester,-8.97176587363
round,-8.97176587363
prevent,-8.56630076552
pork,-8.97176587363
brave,-8.97176587363
says,-7.87315358496
obrador,-8.97176587363
dealing,-8.97176587363
injunction,-8.97176587363
bakr,-8.56630076552
pre-trump,-8.97176587363
invaded,-8.97176587363
cost,-7.58547151251
https://t.co/6k1riuzorm,-8.97176587363
majors,-8.97176587363
decriminalize,-8.97176587363
elton,-8.97176587363
stands,-8.56630076552
assistance,-8.97176587363
celebrated,-8.97176587363
debate,-8.56630076552
current,-8.27861869307
suspect,-8.97176587363
kavanaugh,-8.56630076552
goes,-8.05547514176
international,-8.97176587363
falling,-8.97176587363
slaughter.‚Äù,-8.97176587363
filled,-8.97176587363
$26 ,-8.97176587363
stefan,-8.97176587363
332-95-1,-8.97176587363
muthana,-8.97176587363
agreement,-8.05547514176
water,-8.56630076552
criticizing,-8.97176587363
unanimously,-8.56630076552
baseball,-8.56630076552
groups,-8.97176587363
address,-8.97176587363
alone,-8.97176587363
persecuted,-8.97176587363
change,-7.58547151251
wait,-8.97176587363
sending,-8.56630076552
institute,-8.97176587363
impacted,-8.97176587363
mumbai,-8.97176587363
shooter,-8.56630076552
legit,-8.97176587363
accomplished,-8.27861869307
ineffective,-8.97176587363
pilots,-8.56630076552
@msnbc,-8.27861869307
american‚Äù,-8.97176587363
dick,-8.97176587363
love,-7.26701778139
https://t.co/j7g5l8lzrv,-8.97176587363
sharpton,-8.97176587363
(criminal,-8.97176587363
patriots,-7.87315358496
fake,-5.81476545248
level...,-8.97176587363
crisis,-7.71900290514
market,-7.1800064044
everybody,-8.05547514176
manufacturing,-8.56630076552
troops,-8.27861869307
working,-6.57387060083
prove,-8.97176587363
positive,-8.56630076552
angry,-7.87315358496
stated,-7.26701778139
visit,-7.58547151251
tears,-8.97176587363
sports,-8.97176587363
live,-8.05547514176
iphone,-8.97176587363
wanting,-8.56630076552
black,-8.97176587363
associated,-8.56630076552
today,-6.62039061647
‚Äúprogressive‚Äù,-8.97176587363
smeared,-8.97176587363
sharing,-8.97176587363
lawns,-8.97176587363
‚Äúfishing.‚Äù,-8.97176587363
club,-8.97176587363
watched,-7.87315358496
approving,-8.97176587363
diversionary,-8.56630076552
everywhere,-8.97176587363
virtue,-8.97176587363
downturn,-8.97176587363
effort,-8.56630076552
capturing,-8.97176587363
migrants,-8.97176587363
president..,-8.97176587363
unbiased,-8.56630076552
local,-8.97176587363
originally,-8.97176587363
forget),-8.97176587363
abortion,-8.56630076552
believer,-8.97176587363
nation‚Äôs,-8.97176587363
hardest,-8.97176587363
values,-8.56630076552
train‚Äù,-8.97176587363
(golf),-8.97176587363
growing,-8.97176587363
making,-7.87315358496
bites,-8.97176587363
25772342,-8.97176587363
‚Äútough‚Äù,-8.97176587363
claim,-8.56630076552
crazy,-7.87315358496
months,-8.56630076552
trump,-6.05399514155
figure,-8.56630076552
usual),-8.97176587363
december,-8.97176587363
awesome,-8.97176587363
agent,-8.27861869307
heard,-7.87315358496
a...,-8.97176587363
dropped,-8.56630076552
allowed,-7.3623279612
500000,-8.97176587363
....proportionate,-8.97176587363
‚Äúnice‚Äù,-8.97176587363
back‚Äù,-8.97176587363
monitoring,-8.97176587363
coyotes,-8.97176587363
means,-8.56630076552
‚Äúsend,-8.97176587363
write,-8.97176587363
(100%,-8.97176587363
‚Äúcrazed‚Äù,-8.97176587363
endorsement,-8.97176587363
plus,-8.27861869307
whistleblower,-8.97176587363
economy,-6.40681651617
product,-8.05547514176
104th,-8.97176587363
information,-8.56630076552
freezing,-8.97176587363
southern,-6.57387060083
brazen,-8.97176587363
spot,-8.97176587363
fueled,-8.97176587363
membership,-8.97176587363
(almost),-8.97176587363
date,-8.97176587363
such,-7.26701778139
heroes,-8.56630076552
destructive,-8.56630076552
filthy,-8.27861869307
renovation,-8.97176587363
cueto,-8.97176587363
remember,-7.87315358496
johnson,-8.56630076552
joint,-8.56630076552
whenever,-8.97176587363
maybe,-7.71900290514
https://t.co/naumaqw6fl,-8.97176587363
paid),-8.97176587363
jail,-8.97176587363
african,-7.87315358496
arrived,-8.97176587363
pulled,-8.97176587363
talk,-7.58547151251
tantrum.‚Äù,-8.97176587363
serving,-8.97176587363
indeed,-8.05547514176
https://t.co/i61chczyld,-8.97176587363
record),-8.97176587363
wishing,-8.97176587363
unacceptable,-8.97176587363
years,-5.8362716577
stability,-8.97176587363
ended,-8.97176587363
kellyanne,-8.97176587363
cuts,-8.05547514176
kanye,-8.97176587363
cold,-8.05547514176
still,-7.87315358496
blocked,-8.97176587363
group,-8.27861869307
thank,-5.85825056442
interesting,-7.87315358496
wasting,-8.27861869307
‚Äúquestion‚Äù,-8.97176587363
policy,-8.27861869307
coordinated,-8.97176587363
msnbc,-8.05547514176
bipartisan,-8.56630076552
decades,-8.05547514176
into,-6.72047407502
texas,-6.95686285309
happened,-7.71900290514
russia.‚Äù,-8.97176587363
captivated,-8.97176587363
devastated,-8.97176587363
sarcastic,-8.97176587363
nation,-7.87315358496
records,-8.97176587363
qualified,-8.97176587363
half,-8.27861869307
provision,-8.97176587363
bullshit,-8.56630076552
term,-7.87315358496
name,-8.97176587363
thankful,-8.97176587363
james,-7.87315358496
@judgejeanine,-8.56630076552
kerr,-8.97176587363
impeachable,-8.97176587363
quarter,-8.97176587363
seldom,-8.97176587363
....invited,-8.97176587363
schultz,-8.97176587363
honduras,-8.97176587363
fired,-7.46768847686
badly,-7.58547151251
headwinds,-8.97176587363
beloved,-8.97176587363
plant,-8.97176587363
https://t.co/rdeui7sfe7,-8.97176587363
fires,-8.97176587363
entering,-8.97176587363
year,-6.48685922384
happen,-7.09996369673
intended,-8.56630076552
canada,-8.97176587363
living,-8.56630076552
(old,-8.97176587363
highest-level,-8.97176587363
mouths,-8.56630076552
meltdown,-8.97176587363
(tariffs),-8.97176587363
looking,-7.46768847686
‚Äúit‚Äù,-8.97176587363
seriously,-8.27861869307
investigation,-7.58547151251
internet,-8.97176587363
suggesting,-8.97176587363
clowns,-8.97176587363
correct,-8.97176587363
‚Äúfools‚Äù,-8.97176587363
rebuilding,-8.97176587363
wasn‚Äôt,-8.97176587363
attended,-8.97176587363
siege,-8.97176587363
https://t.co/czl6gbccxn,-8.97176587363
million,-8.05547514176
quite,-8.97176587363
disrespect,-8.97176587363
(two,-8.97176587363
california,-7.58547151251
crazier,-8.97176587363
besides,-8.97176587363
spied,-7.87315358496
card,-8.56630076552
care,-7.46768847686
language,-8.27861869307
discussing,-8.97176587363
100%,-7.87315358496
impose,-8.97176587363
honest,-8.56630076552
thing,-7.09996369673
place,-7.26701778139
massive,-8.05547514176
invitation,-8.97176587363
think,-7.26701778139
first,-6.66918078064
blind,-8.97176587363
....will,-8.97176587363
spoken,-8.97176587363
legislation,-8.97176587363
coming,-6.66918078064
williams,-8.97176587363
americans,-7.71900290514
fast,-7.87315358496
directly,-8.97176587363
$5.60 ,-8.97176587363
vote,-7.02585572458
impossible,-8.97176587363
fight,-7.46768847686
open,-7.26701778139
tomorrow,-7.71900290514
millions,-8.05547514176
city,-8.56630076552
given,-7.3623279612
district,-7.87315358496
caught,-8.27861869307
"$400,-8.56630076552
anyone,-7.58547151251
indicate,-8.97176587363
judgements,-8.97176587363
tragic,-8.97176587363
legally,-8.56630076552
white,-7.09996369673
west,-8.97176587363
friend,-7.87315358496
hater,-8.56630076552
that,-4.35170707515
season,-8.97176587363
taxation,-8.97176587363
o‚Äôbrien,-8.97176587363
proving,-8.97176587363
overcapacity,-8.97176587363
released,-8.05547514176
hillary,-7.3623279612
ridiculous,-7.3623279612
than,-5.73308742147
professionals,-8.97176587363
television,-8.97176587363
cartels,-8.97176587363
i‚Äôll,-8.56630076552
@maddow,-8.97176587363
rival,-8.97176587363
buzzfeed,-8.27861869307
transferred,-8.97176587363
want‚Äù,-8.97176587363
coats,-8.97176587363
future,-7.3623279612
were,-6.40681651617
@judicialwatch,-8.56630076552
happy,-7.3623279612
russia,-6.95686285309
citizens....,-8.97176587363
soil,-8.56630076552
enhanced,-8.97176587363
angel,-8.97176587363
‚Äúfireworks,-8.97176587363
turned,-8.56630076552
(and,-8.05547514176
already,-7.58547151251
teen‚Äôs,-8.97176587363
comedian,-8.97176587363
rent,-8.97176587363
anger,-8.27861869307
kevin,-8.97176587363
wall..,-8.97176587363
form,-8.56630076552
efficient,-8.97176587363
hunger,-8.97176587363
was.....,-8.97176587363
ideas,-8.97176587363
1000000,-8.97176587363
instructed,-8.97176587363
unlawfully,-8.97176587363
take,-6.95686285309
...agreed,-8.97176587363
destroy,-7.87315358496
wonder,-8.27861869307
tigers,-8.97176587363
golan,-8.97176587363
begin,-8.56630076552
sure,-8.27861869307
multiple,-8.97176587363
ukrainian,-8.27861869307
track,-8.97176587363
knew,-7.87315358496
spewing,-8.56630076552
paid,-7.46768847686
immigration,-6.52941883826
(another,-8.97176587363
slowest,-8.97176587363
importantly,-8.27861869307
printed,-8.97176587363
fraudulently,-8.97176587363
america,-6.05399514155
beto,-8.97176587363
pages,-8.97176587363
forever,-8.97176587363
especially,-7.58547151251
considered,-8.05547514176
proud,-7.71900290514
drive,-8.97176587363
https://t.co/uuncl1hpak,-8.97176587363
deroy,-8.97176587363
federal,-7.71900290514
worse)....,-8.97176587363
trafficking,-8.27861869307
cortez,-8.97176587363
laws,-7.02585572458
rating,-7.58547151251
walking,-8.97176587363
drastically,-8.97176587363
shot,-8.56630076552
heap,-8.97176587363
show,-7.3623279612
disunity,-8.97176587363
commitments,-8.97176587363
bright,-8.97176587363
‚Äúthe,-7.87315358496
hack,-8.97176587363
spacex,-8.97176587363
2015.‚Äù,-8.97176587363
thriving,-8.97176587363
deportation,-8.97176587363
righteous,-8.97176587363
slow,-8.97176587363
treasure,-8.56630076552
state,-6.66918078064
crime,-6.33270854402
overruns,-8.97176587363
only,-6.26371567253
going,-6.48685922384
believing,-8.97176587363
treasury,-8.97176587363
outrage,-8.97176587363
enthusiasm,-8.97176587363
congressional,-8.27861869307
carolina,-8.05547514176
pro-life,-8.97176587363
mueller‚Äôs,-8.97176587363
closed,-8.97176587363
contracts,-8.97176587363
sooo,-8.05547514176
begging,-8.97176587363
counsel,-8.97176587363
truly,-7.26701778139
‚Äúmueller‚Äôs,-8.97176587363
cannot,-7.87315358496
nearly,-8.56630076552
cryin,-8.97176587363
@abc,-8.97176587363
wall.,-8.97176587363
celebrate,-8.97176587363
prime,-7.71900290514
regarding,-8.97176587363
reading,-8.97176587363
ceo's,-8.97176587363
#honor911,-8.97176587363
girl,-8.97176587363
held,-8.27861869307
stoppable,-8.97176587363
@katiepavlich,-8.97176587363
obliterate,-8.97176587363
morning,-8.56630076552
miles,-8.56630076552
losers,-8.56630076552
where,-6.95686285309
husband,-8.56630076552
honesty,-8.97176587363
excoriated,-8.97176587363
seat,-8.56630076552
elected,-8.05547514176
college,-8.27861869307
1929,-8.97176587363
states.‚Äù,-8.97176587363
chocked,-8.97176587363
@jpn_pmo,-8.97176587363
farmers,-8.27861869307
crooked,-7.3623279612
representatives,-8.27861869307
weapons,-8.05547514176
enough,-7.71900290514
https://t.co/sqdozfqd2b,-8.97176587363
me......,-8.97176587363
between,-8.97176587363
before,-6.36907618819
government...,-8.97176587363
remedied..,-8.97176587363
‚Äúsuper‚Äù,-8.97176587363
notice,-8.97176587363
infrastructure,-8.56630076552
jobs,-7.02585572458
august,-8.97176587363
killing,-8.05547514176
elijah,-7.71900290514
implemented,-8.97176587363
‚Äúcompassion‚Äù,-8.97176587363
comeback,-8.27861869307
cities,-7.71900290514
steyer,-8.97176587363
lopez,-8.97176587363
"$18,-8.97176587363
talented,-8.56630076552
‚Äúballot,-8.97176587363
‚Äúsmartest,-8.97176587363
many,-5.58737561029
moon),-8.97176587363
propaganda,-8.56630076552
pray,-8.56630076552
tour,-8.97176587363
loudly,-8.97176587363
comey,-7.87315358496
senator,-7.87315358496
holders,-8.97176587363
comes,-8.27861869307
deported,-8.97176587363
yearly,-8.97176587363
among,-8.97176587363
dossier‚Äôs,-8.97176587363
pols,-8.97176587363
continuation,-8.97176587363
endless,-8.56630076552
period,-8.97176587363
mccain,-8.97176587363
‚Äúformer,-8.97176587363
homosexuality,-8.97176587363
dereliction,-8.97176587363
scheduled,-8.97176587363
confirmed,-8.97176587363
learning,-8.97176587363
‚Äúbreakdown‚Äù,-8.97176587363
countrty,-8.97176587363
liberal,-8.56630076552
ebrard,-8.97176587363
poll,-7.71900290514
two-year,-8.97176587363
‚Äútrump‚Äù,-8.56630076552
turkey,-8.27861869307
destroyed,-8.97176587363
howard,-8.97176587363
come,-6.83169971014
informed,-8.56630076552
vacation,-8.97176587363
shortening,-8.97176587363
breath,-8.97176587363
combined,-8.97176587363
only....,-8.97176587363
mars,-8.97176587363
helicopter,-8.97176587363
borders,-7.87315358496
@worldgamesad,-8.97176587363
1036,-8.97176587363
mary,-8.56630076552
wants,-8.05547514176
lanes,-8.97176587363
robbed,-8.97176587363
andres,-8.97176587363
offered,-8.97176587363
formed,-8.97176587363
andrew,-8.56630076552
dangerous,-7.58547151251
tiger,-8.27861869307
https://t.co/reu1gkwhsq,-8.97176587363
wake,-8.97176587363
minister,-7.58547151251
eaters,-8.97176587363
quick,-8.97176587363
careful,-8.56630076552
former,-8.56630076552
those,-6.62039061647
paying,-8.56630076552
myself,-8.56630076552
soccer,-8.97176587363
developing,-8.97176587363
these,-6.89232433195
polls,-8.56630076552
cash,-8.56630076552
trick,-8.97176587363
career,-8.97176587363
policies,-8.56630076552
joke,-8.56630076552
newspaper,-8.97176587363
situation,-8.27861869307
margin,-8.97176587363
‚Äúdeal‚Äù,-8.97176587363
orientation,-8.97176587363
(phony,-8.97176587363
powers‚Äô,-8.97176587363
zucker,-8.97176587363
quiet,-8.97176587363
middle,-8.56630076552
bias,-8.97176587363
embrace,-8.97176587363
minds,-8.97176587363
donating,-8.97176587363
return,-8.56630076552
activity,-8.97176587363
technology,-8.05547514176
fame,-8.97176587363
different,-8.05547514176
synagogue,-8.56630076552
jesse,-8.97176587363
harsh,-8.97176587363
rooting,-8.97176587363
media,-6.02732689446
granted,-8.97176587363
bowl,-8.97176587363
@pontifex,-8.97176587363
same,-7.71900290514
surveillance,-8.97176587363
speech,-7.71900290514
enrich,-8.97176587363
‚Äúoversight‚Äù,-8.97176587363
reminder,-8.97176587363
shifty,-8.56630076552
events,-8.27861869307
breakdown,-8.97176587363
extended,-8.97176587363
movement),-8.97176587363
....the,-8.05547514176
assist,-8.97176587363
northam,-8.56630076552
incarceration,-8.97176587363
director,-8.27861869307
running,-8.27861869307
scorned,-8.97176587363
totally,-6.7745412963
tradition,-8.97176587363
drain,-8.05547514176
whose,-8.97176587363
https://t.co/1krdp2oqvg,-8.97176587363
‚Äúyou,-8.97176587363
pennsylvania,-8.56630076552
‚Äúguts‚Äù,-8.56630076552
without,-7.26701778139
solve,-8.27861869307
relief,-8.97176587363
sadiq,-8.97176587363
fixing,-8.97176587363
nearby,-8.97176587363
amazed,-8.97176587363
justify,-8.97176587363
duty,-8.05547514176
gangs,-8.27861869307
pakistan,-8.97176587363
being,-5.92724343591
money,-7.09996369673
unconstitutional,-8.97176587363
sights,-8.97176587363
actions,-8.05547514176
collusion),-8.56630076552
https://t.co/vszgfz9fis,-8.97176587363
kill,-8.97176587363
aspect,-8.97176587363
(border),-8.97176587363
weekly,-8.97176587363
announcement,-8.97176587363
death,-8.56630076552
deceiving,-8.97176587363
widest,-8.97176587363
excuses,-8.97176587363
thinking,-8.05547514176
rose,-8.56630076552
hewson,-8.97176587363
seems,-8.05547514176
except,-7.87315358496
smugglers,-8.97176587363
it‚Äôs,-7.02585572458
drugs),-8.97176587363
lets,-8.97176587363
holocaust,-8.97176587363
treatment,-8.97176587363
republic,-8.97176587363
struck,-8.97176587363
kingdom,-7.71900290514
around,-7.71900290514
easily,-7.46768847686
rules,-8.27861869307
virginia,-8.56630076552
early,-8.56630076552
#salutetoamericaüá∫üá∏,-8.97176587363
huffpost,-8.97176587363
politely,-8.97176587363
gabbard,-8.97176587363
world,-6.44603722932
apprehending,-8.97176587363
lady,-8.27861869307
amway,-8.97176587363
ruled,-8.97176587363
unrepresentative,-8.97176587363
fortune,-7.87315358496
intel,-8.97176587363
pounds,-8.97176587363
#kag2020,-8.97176587363
either,-8.27861869307
fully,-8.05547514176
beverly,-8.97176587363
served,-8.56630076552
tower,-8.97176587363
woman),-8.97176587363
twelve,-8.97176587363
alan,-8.97176587363
‚Äúlow,-8.56630076552
arrested,-8.56630076552
competition,-8.97176587363
cancel,-8.97176587363
‚Äúwe,-8.27861869307
informant,-8.97176587363
ohio.,-8.97176587363
reasons,-8.97176587363
bless,-7.71900290514
recorded,-8.97176587363
unmatched,-8.97176587363
moon,-8.05547514176
critical,-8.27861869307
deficit,-8.97176587363
@kanyewest,-8.97176587363
putted,-8.97176587363
restoring,-8.97176587363
considering,-8.97176587363
biased,-8.97176587363
business,-8.27861869307
february,-8.97176587363
tuition,-8.97176587363
broken,-7.58547151251
despicable,-8.56630076552
leadership,-7.87315358496
pretended,-8.97176587363
https://t.co/6bzwh78i00,-8.97176587363
‚Äúpodium‚Äù,-8.97176587363
exciting,-8.56630076552
comparison,-8.97176587363
stone,-8.56630076552
nafta,-8.97176587363
smear,-8.97176587363
cooperate,-8.97176587363
favorite,-8.27861869307
inviting,-8.97176587363
addition,-8.97176587363
stand,-7.58547151251
testimony,-8.97176587363
everyone‚Äôs,-8.97176587363
tariffs,-7.71900290514
mean,-8.27861869307
backup,-8.97176587363
protests,-8.97176587363
fundraising,-8.97176587363
(but,-8.97176587363
we‚Äôll,-8.97176587363
skilled,-8.97176587363
blessed,-8.56630076552
pres.‚Äù,-8.97176587363
transcript,-8.56630076552
accounts,-8.97176587363
apologize,-8.56630076552
....hoax,-8.97176587363
jerusalem,-8.56630076552
your,-6.33270854402
800000,-8.97176587363
quid,-8.97176587363
weekend,-8.97176587363
strictly,-8.97176587363
there,-5.95134098749
unfortunately.‚Äù,-8.97176587363
start,-7.46768847686
racist,-7.3623279612
vets...,-8.97176587363
tlaib,-8.56630076552
media.....,-8.97176587363
decisive,-8.97176587363
https://t.co/n3faz5dkjq,-8.97176587363
you.,-8.97176587363
complete,-8.27861869307
hoda,-8.97176587363
regard,-8.97176587363
https://t.co/h3wglz4mxs,-8.97176587363
‚Äútoasted‚Äù,-8.97176587363
technologies,-8.97176587363
trying,-7.58547151251
with,-4.75963827575
rebuilt,-8.05547514176
buying,-8.97176587363
happening,-7.46768847686
abused,-8.97176587363
fraud,-8.05547514176
dominican,-8.97176587363
https://t.co/u7wxkro6kx,-8.97176587363
work.,-8.97176587363
dirty,-8.56630076552
planned),-8.97176587363
manuel,-8.97176587363
agree,-7.71900290514
strongly,-7.87315358496
gone,-7.1800064044
level....,-8.97176587363
#maga,-8.56630076552
citizenship,-8.27861869307
rapids,-8.97176587363
momentarily,-8.97176587363
certain,-8.27861869307
‚Äúmr,-8.56630076552
minneapolis,-8.97176587363
general,-8.05547514176
maxed,-8.97176587363
leaker,-8.97176587363
research),-8.97176587363
file,-8.97176587363
congresswoman/man,-8.97176587363
lifetime,-8.97176587363
hospitals,-8.97176587363
incorrect,-8.97176587363
again,-6.13855252958
‚Äúpiggy,-8.97176587363
credibility,-8.27861869307
joke...but,-8.97176587363
green,-8.97176587363
graduate,-8.97176587363
summit,-8.97176587363
evenings,-8.97176587363
‚Äúc‚Äù,-8.97176587363
disgraceful,-8.05547514176
poor,-8.97176587363
‚Äúyes,-8.97176587363
congress,-6.7745412963
house.‚Äù,-8.97176587363
https://t.co/qqytqg4ktt,-8.97176587363
includes,-8.97176587363
important,-7.09996369673
coverage,-8.05547514176
fair.....,-8.97176587363
aw-shucks,-8.97176587363
pelosi,-7.3623279612
building,-7.58547151251
shipping,-8.97176587363
wife,-8.27861869307
tonight‚Äôs,-8.97176587363
https://t.co/dkq2tieiss,-8.97176587363
fraudulent,-8.56630076552
passed,-8.27861869307
mass,-8.56630076552
adam,-7.3623279612
treason,-8.05547514176
resolution,-8.97176587363
original,-8.97176587363
https://t.co/njorbjwint,-8.97176587363
consider,-8.97176587363
vile,-8.56630076552
caused,-8.97176587363
suburban,-8.97176587363
‚Äújust,-8.97176587363
dollar,-8.97176587363
month,-8.97176587363
executing,-8.97176587363
.....,-8.56630076552
fairness,-8.97176587363
talks,-8.56630076552
follow,-8.97176587363
g-20,-8.97176587363
faster,-8.56630076552
revealed,-8.56630076552
children,-8.27861869307
https://t.co/uyyoacxuqu,-8.97176587363
content,-8.97176587363
referring,-8.97176587363
order....,-8.97176587363
pledged,-8.97176587363
anti-semitic,-8.97176587363
thursday,-8.97176587363
they‚Äôre,-8.97176587363
enjoying,-8.97176587363
midwest,-8.97176587363
case,-7.58547151251
worse,-8.27861869307
returning,-8.97176587363
very,-5.21056575794
detention,-8.97176587363
rouhani,-8.97176587363
‚Äúother,-8.97176587363
worst,-7.87315358496
fall,-8.27861869307
rocky‚Äôs,-8.97176587363
....a,-8.27861869307
condition,-8.97176587363
steve,-8.97176587363
where‚Äôs,-8.97176587363
induced,-8.97176587363
prices‚Äîlower,-8.97176587363
broken...,-8.97176587363
list,-8.97176587363
large,-7.87315358496
amend,-8.97176587363
name.no,-8.97176587363
....visible,-8.97176587363
https://t.co/41mtjtyejq,-8.97176587363
harry,-8.27861869307
small,-8.56630076552
lisa,-8.56630076552
conflicted,-8.27861869307
economically,-8.97176587363
gang,-8.97176587363
maggie,-8.97176587363
paso,-7.26701778139
past,-7.71900290514
rate,-8.27861869307
lawyer,-8.97176587363
pass,-8.27861869307
further,-8.56630076552
functioning,-8.97176587363
returned,-8.56630076552
what,-5.85825056442
https://t.co/lwqvrnjdow,-8.97176587363
stood,-8.97176587363
assured,-8.97176587363
lockheed,-8.97176587363
anniversary,-8.56630076552
nang,-8.97176587363
devastating,-8.97176587363
‚Äútanked‚Äù,-8.97176587363
schumer,-8.05547514176
scientists,-8.97176587363
(fairly,-8.97176587363
learned,-8.97176587363
control...and,-8.97176587363
public,-8.05547514176
full,-8.97176587363
iran,-7.09996369673
unprofessional,-8.97176587363
theresa,-8.97176587363
hours,-7.71900290514
bank‚Äù,-8.97176587363
directions,-8.97176587363
strong,-7.46768847686
observing,-8.97176587363
arena,-8.56630076552
search,-8.97176587363
prosecutors,-8.97176587363
smarter,-8.97176587363
caravans,-8.97176587363
inspired,-8.97176587363
allows,-8.97176587363
very......,-8.97176587363
experience,-8.97176587363
amount,-8.56630076552
action,-7.71900290514
luck,-8.97176587363
(set,-8.97176587363
options,-8.97176587363
sticking,-8.05547514176
alexandria,-8.97176587363
followed,-8.97176587363
family,-8.56630076552
cowardly,-8.97176587363
@nytimes,-8.56630076552
screens,-8.97176587363
you‚Äôre,-8.27861869307
@bretbaier,-8.97176587363
‚Äúinsurance,-8.56630076552
armed,-8.56630076552
readily,-8.97176587363
voter,-8.97176587363
attendance,-8.97176587363
khan,-8.97176587363
proceed,-8.97176587363
nothings,-8.97176587363
....coyotes,-8.97176587363
@tuckercarlson,-8.05547514176
apprehend,-8.56630076552
libel,-8.97176587363
taken,-7.09996369673
....having,-8.97176587363
(under,-8.97176587363
more,-5.50602997083
israel,-6.7745412963
‚Äúdemocrat,-8.97176587363
commences,-8.97176587363
&amp,-4.90273911939
‚Äúpresident,-8.97176587363
portman,-8.97176587363
....cause,-8.97176587363
flag,-8.56630076552
ratcliffe,-8.97176587363
broke,-8.05547514176
20000,-8.97176587363
known,-8.56630076552
factories,-8.97176587363
@mittromney,-8.97176587363
glad,-8.97176587363
helped,-8.56630076552
keeping,-8.97176587363
salvador,-8.97176587363
science,-8.97176587363
....stem,-8.97176587363
remain,-8.56630076552
learn,-8.56630076552
excursion,-8.97176587363
divorced‚Äù,-8.97176587363
history,-5.97603360008
beautiful,-7.46768847686
scam,-8.27861869307
(with,-8.56630076552
resigining,-8.97176587363
share,-8.56630076552
terrible,-7.1800064044
states,-5.77309275608
biden,-8.05547514176
protects,-8.97176587363
numbers,-7.02585572458
traffickers,-8.27861869307
phrase,-8.97176587363
robinson,-8.97176587363
prisons,-8.97176587363
hamburgers,-8.97176587363
condemn,-8.27861869307
marillyn,-8.97176587363
creates,-8.97176587363
court,-7.3623279612
rather,-8.27861869307
ledger,-8.97176587363
dismissed,-8.97176587363
@mpinoe,-8.97176587363
hasn‚Äôt,-8.97176587363
earnings,-8.97176587363
shootings.,-8.97176587363
(they,-8.97176587363
acknowledging,-8.97176587363
simplicity,-8.97176587363
tide,-8.97176587363
affected.,-8.97176587363
tried,-8.56630076552
jarrett,-8.97176587363
it.‚Äù,-8.97176587363
disgraced,-8.56630076552
(our),-8.97176587363
pertained,-8.97176587363
brett,-8.97176587363
roadblocks,-8.97176587363
plane,-8.97176587363
ambassador,-8.27861869307
@oann,-7.87315358496
softball,-8.97176587363
invasion,-8.56630076552
inconceivable,-8.97176587363
proclaimed,-8.97176587363
refuse,-8.97176587363
short,-8.97176587363
brady,-8.97176587363
zoldan,-8.97176587363
crowded,-8.97176587363
author,-8.97176587363
not....,-8.97176587363
newsroom,-8.97176587363
manipulated,-8.97176587363
responsibility,-8.97176587363
retaliate,-8.97176587363
....she,-8.97176587363
dream,-8.56630076552
playing,-8.56630076552
greats,-8.97176587363
rebrand,-8.97176587363
infant,-8.97176587363
help,-7.02585572458
here‚Äù,-8.97176587363
reform,-8.27861869307
heartfelt,-8.97176587363
asset.‚Äù,-8.97176587363
soon,-7.09996369673
trade,-6.83169971014
outraged,-8.97176587363
embassy,-8.27861869307
through,-6.95686285309
‚Äú(crooked),-8.97176587363
committee,-7.58547151251
committed,-7.46768847686
https://t.co/telfdkiyfc,-8.97176587363
hell,-8.05547514176
smiling,-8.56630076552
member,-8.97176587363
laced,-8.97176587363
@fitnessgov,-8.97176587363
rapidly,-8.56630076552
https://t.co/222atp7wub,-8.97176587363
susceptible,-8.97176587363
course),-8.97176587363
unity,-8.97176587363
actually,-7.71900290514
late,-8.56630076552
truth.,-8.97176587363
territorial,-8.97176587363
individuals,-8.97176587363
(best),-8.56630076552
slammed,-8.97176587363
argentina,-8.97176587363
governments,-8.97176587363
rumor,-8.97176587363
ally,-8.97176587363
fool,-8.97176587363
good,-6.83169971014
somebody,-8.56630076552
seeking,-8.97176587363
food,-8.56630076552
....greatest,-8.97176587363
2yrs,-8.97176587363
hunter,-8.56630076552
‚Äútrump.‚Äù,-8.97176587363
walls,-7.58547151251
starbucks,-8.97176587363
communities,-8.97176587363
complain,-8.97176587363
bigger,-8.56630076552
desperately,-8.27861869307
hook,-8.97176587363
goldstein,-8.97176587363
always,-7.26701778139
all),-8.97176587363
sikorsky,-8.97176587363
lyin‚Äô,-8.05547514176
courses,-8.97176587363
someone,-8.27861869307
also),-8.97176587363
stopped,-7.87315358496
found,-8.56630076552
shocking,-8.56630076552
friendship,-8.97176587363
notes,-8.56630076552
exquisite,-8.97176587363
referred,-8.97176587363
week,-8.05547514176
everyone,-7.46768847686
england,-8.97176587363
house,-6.13855252958
energy,-7.71900290514
hard,-6.95686285309
reduce,-8.27861869307
idea,-8.97176587363
hawaii,-8.97176587363
investigated,-8.56630076552
expect,-8.97176587363
wacko,-8.97176587363
portland,-8.97176587363
beyond,-8.97176587363
event,-7.87315358496
really,-6.83169971014
funding,-8.97176587363
missed,-8.56630076552
blacks,-8.97176587363
robert,-8.56630076552
since,-7.26701778139
on.........,-8.97176587363
testify,-8.97176587363
research,-8.97176587363
safety,-7.87315358496
congenial,-8.97176587363
donors‚Äù,-8.97176587363
issue,-7.71900290514
salute,-8.27861869307
bitten,-8.97176587363
overturns,-8.97176587363
pathetic,-8.97176587363
circumstance,-8.97176587363
declassified),-8.97176587363
friday,-8.97176587363
guess,-8.97176587363
@jacknicklaus,-8.97176587363
extraordinary,-8.97176587363
reason,-8.05547514176
base,-8.97176587363
re-elected‚Äù,-8.97176587363
members,-7.71900290514
imagine,-8.05547514176
beginning,-8.05547514176
owners,-8.56630076552
benefits,-8.56630076552
airport,-8.97176587363
adversaries,-8.97176587363
one‚Äù,-8.97176587363
https://t.co/tykj3krdoc,-8.97176587363
american,-6.48685922384
circuit,-8.97176587363
unmanned,-8.56630076552
syria,-7.87315358496
@nycmayor,-8.97176587363
major,-7.26701778139
feel,-8.56630076552
radical,-6.83169971014
number,-7.71900290514
president‚Äôs,-8.27861869307
done,-5.95134098749
al-baghdadi‚Äôs,-8.97176587363
story,-7.58547151251
‚Äúback‚Äù,-8.97176587363
a$ap,-8.27861869307
leading,-8.97176587363
swipe,-8.97176587363
least,-8.27861869307
russian-affiliated,-8.97176587363
regulation,-8.97176587363
wonderful,-7.3623279612
tv....,-8.97176587363
statement,-7.58547151251
mainstay,-8.97176587363
saint,-8.97176587363
relationship,-8.27861869307
behind,-8.56630076552
interviewed,-8.97176587363
else),-8.97176587363
part,-7.71900290514
....embargo,-8.97176587363
doctors,-8.56630076552
focusing,-8.97176587363
gruesome,-8.97176587363
believe,-7.02585572458
heritage),-8.97176587363
obama,-6.62039061647
ungrateful,-8.97176587363
financing,-8.97176587363
condolences,-8.56630076552
gotten,-8.27861869307
grey,-8.97176587363
illegals,-8.27861869307
2020,-6.95686285309
on....,-8.97176587363
part),-8.97176587363
treated,-8.05547514176
declare,-8.97176587363
outstanding,-8.97176587363
usmca,-8.97176587363
substantial,-8.97176587363
depleted,-8.97176587363
sentences,-8.97176587363
concentration,-8.97176587363
confirms,-8.97176587363
ratings,-8.27861869307
generic,-8.97176587363
built,-6.83169971014
trip,-8.56630076552
self,-8.97176587363
cave,-8.56630076552
officers,-8.56630076552
rivera,-8.97176587363
also,-6.83169971014
costs,-8.56630076552
chairman,-7.71900290514
duped,-8.97176587363
@jairbolsonaro,-8.97176587363
play,-8.05547514176
added,-8.97176587363
(unfortunately),-8.97176587363
‚Äútalking‚Äù,-8.97176587363
dayton,-7.71900290514
serve,-8.05547514176
measures,-8.56630076552
much.‚Äù,-8.97176587363
most,-6.05399514155
plan,-8.56630076552
significant,-8.97176587363
000 ",-8.05547514176
nothing,-5.97603360008
accepting,-8.97176587363
people....,-8.97176587363
approved,-8.56630076552
salary,-8.56630076552
understands,-8.97176587363
constructed,-8.97176587363
dealers,-8.56630076552
loopholes,-7.71900290514
sometimes,-8.97176587363
cover,-8.97176587363
shortly,-8.97176587363
https://t.co/b2nbbsx3sx,-8.97176587363
clean,-8.05547514176
tubes,-8.97176587363
lying,-8.27861869307
joining,-8.97176587363
alone..,-8.97176587363
golf,-8.56630076552
didn‚Äôt,-7.1800064044
emoluments,-8.97176587363
sanctity,-8.97176587363
nasdaq,-8.97176587363
border...and,-8.97176587363
jared,-8.97176587363
bongino,-8.97176587363
fine,-8.97176587363
find,-8.27861869307
impact,-8.97176587363
giant,-8.97176587363
regulations,-8.56630076552
securing,-8.97176587363
justice,-7.46768847686
(grapes),-8.97176587363
failed,-7.71900290514
https://t.co/ldrobjibrn,-8.97176587363
‚Äúmexico,-8.97176587363
factor,-8.97176587363
cuba,-8.97176587363
cryin‚Äô,-8.56630076552
‚Äúin,-8.97176587363
etc.),-8.56630076552
permission,-8.56630076552
photo.‚Äù,-8.97176587363
‚Äúif,-8.56630076552
express,-8.97176587363
kind,-8.97176587363
cheaper,-8.97176587363
"$603,-8.97176587363
trump-russia,-8.97176587363
courage,-8.97176587363
longest,-8.97176587363
closely,-8.27861869307
reporters,-8.56630076552
during,-7.3623279612
emails,-8.56630076552
exoneration,-8.56630076552
enemy,-7.87315358496
belichick,-8.97176587363
generally,-8.97176587363
remove,-8.97176587363
‚Äúbecause,-8.97176587363
dossier,-8.97176587363
investigate,-8.56630076552
common,-8.97176587363
https://t.co/kq5htzaxsk,-8.97176587363
ivanka,-8.97176587363
wrote,-8.97176587363
barr,-8.97176587363
opposed,-8.97176587363
supporting,-8.97176587363
intelligence,-7.87315358496
bitterness,-8.97176587363
grucci,-8.97176587363
individual,-8.97176587363
dumb,-8.56630076552
migration,-8.97176587363
close,-7.58547151251
al-baghdadi,-8.56630076552
declined,-8.97176587363
women‚Äôs,-8.56630076552
https://t.co/24d4k9ilfd,-8.97176587363
just....,-8.97176587363
threats,-8.97176587363
....of,-8.97176587363
matter,-7.58547151251
movie,-8.97176587363
currently,-8.27861869307
please,-8.05547514176
....on,-8.56630076552
powerhouse,-8.97176587363
....or,-8.97176587363
various,-8.97176587363
l√∂fven,-8.97176587363
bucksexton,-8.97176587363
donate,-8.56630076552
numerous,-8.56630076552
corruption,-8.56630076552
supposed,-8.27861869307
bibi,-8.97176587363
korea,-6.95686285309
recently,-8.56630076552
statistically,-8.97176587363
attention,-8.97176587363
2020.‚Äù,-8.97176587363
aircraft,-8.97176587363
@tigerwoods,-8.27861869307
understanding,-8.97176587363
both,-7.71900290514
last,-6.44603722932
transparency,-8.97176587363
desired,-8.97176587363
barely,-8.27861869307
foreign,-7.87315358496
became,-8.56630076552
https://t.co/fo2cljc9yz,-8.97176587363
witch,-6.44603722932
whole,-8.56630076552
finds,-8.97176587363
baltimore,-7.46768847686
liked,-8.27861869307
witch-hunt,-8.97176587363
wear,-8.97176587363
majesty,-8.97176587363
jeff,-8.97176587363
simple,-8.05547514176
(name,-8.97176587363
acted,-8.97176587363
steele,-8.97176587363
allegiance,-8.97176587363
community,-8.97176587363
newborn,-8.97176587363
nicer,-8.97176587363
simply,-8.27861869307
shutdown,-7.3623279612
throughout,-8.27861869307
along,-8.56630076552
expensive,-8.56630076552
decline,-8.97176587363
consuming,-8.56630076552
raise,-8.97176587363
kimberly,-8.97176587363
create,-8.27861869307
political,-7.87315358496
"grucci""",-8.97176587363
hitting,-8.97176587363
rivals,-8.97176587363
reduction,-8.97176587363
threaten,-8.97176587363
mindset,-8.97176587363
meeting,-7.26701778139
dame,-8.56630076552
sanders,-8.05547514176
dialogue,-8.56630076552
https://t.co/jds4zvfybe,-8.97176587363
champion,-8.56630076552
silenced,-8.97176587363
fire,-8.56630076552
else,-7.71900290514
whatever,-8.97176587363
races,-8.97176587363
understand,-7.26701778139
representative,-8.97176587363
demand,-8.56630076552
prices,-7.71900290514
wedding,-8.97176587363
stolen,-8.56630076552
politician,-8.27861869307
look,-6.95686285309
anti-israel,-8.56630076552
all-time,-8.56630076552
solid,-8.97176587363
socialist,-8.56630076552
bill,-7.87315358496
elections,-8.97176587363
governor,-7.71900290514
complete....,-8.97176587363
while,-6.95686285309
replaced,-8.97176587363
involved,-8.97176587363
properly,-8.05547514176
cages,-8.56630076552
real,-7.58547151251
costly,-8.56630076552
hoping,-8.97176587363
century,-8.56630076552
hoax,-7.87315358496
itself,-8.56630076552
ready,-7.87315358496
democrat.....,-8.97176587363
congresswomen,-7.87315358496
.@nbcnews,-8.97176587363
funny,-7.87315358496
anymore,-8.56630076552
‚Äúthis,-8.97176587363
belong,-8.97176587363
loopholes),-8.97176587363
read,-8.05547514176
‚Äúkim,-8.97176587363
grand,-8.97176587363
cumming,-8.97176587363
‚Äúmessiah,-8.97176587363
used,-7.71900290514
lawyers,-8.56630076552
hello(,-8.97176587363
forced,-8.27861869307
yesterday,-7.3623279612
censure,-8.97176587363
sandman,-8.97176587363
(stupid},-8.97176587363
nights,-8.97176587363
uses,-8.97176587363
@whitehouse,-8.97176587363
lower,-8.56630076552
spent,-7.87315358496
obviously,-8.56630076552
person,-7.46768847686
flags,-8.97176587363
kelly,-8.97176587363
organization,-8.97176587363
spend,-8.97176587363
weakest,-8.97176587363
i‚Äôm,-7.71900290514
coup,-8.56630076552
one-year,-8.97176587363
‚Äúno,-8.97176587363
idiot‚Äù,-8.97176587363
shape,-8.97176587363
shootings,-8.27861869307
questions,-8.56630076552
using,-8.05547514176
regardless,-8.97176587363
alternative,-8.56630076552
praying,-8.97176587363
dishonesty,-8.97176587363
‚Äúhiv,-8.97176587363
proven,-8.05547514176
tables,-8.56630076552
....people,-8.97176587363
maher‚Äôs,-8.97176587363
majority,-8.56630076552
country.‚Äù,-8.97176587363
disappointed,-8.56630076552
workers,-8.56630076552
fentanyl,-8.97176587363
(andrews),-8.97176587363
barack,-8.56630076552
source,-8.97176587363
overthinking,-8.97176587363
homeland,-8.05547514176
@foxandfriends,-7.58547151251
ballots,-8.97176587363
‚Äúnasty‚Äù,-8.97176587363
easter,-8.97176587363
excited,-8.97176587363
surprised,-8.97176587363
build,-8.05547514176
ridiculously,-8.97176587363
victims,-8.56630076552
caliphate,-8.97176587363
emergency,-7.71900290514
showing,-8.97176587363
unlimited,-8.56630076552
vital,-8.97176587363
game,-8.56630076552
damage,-8.97176587363
windchill,-8.97176587363
overriding,-8.97176587363
success,-7.46768847686
squandered,-8.97176587363
productive,-8.56630076552
shapes,-8.97176587363
continue,-8.97176587363
popular,-8.56630076552
google,-8.27861869307
often,-8.05547514176
world‚Äôs,-8.97176587363
absolutely,-8.97176587363
some,-6.7745412963
back,-6.02732689446
impeach,-7.09996369673
delegation,-8.97176587363
strongest,-8.27861869307
economic,-7.87315358496
pricing,-8.56630076552
mccarthy,-8.97176587363
3.50%,-8.97176587363
delivered,-8.97176587363
gradually,-8.97176587363
constitutionality,-8.56630076552
weirdo,-8.97176587363
https://t.co/bliao5ydqb,-8.97176587363
favorite‚Äù,-8.97176587363
decision,-7.71900290514
‚Äúelite‚Äù,-8.97176587363
religion,-8.97176587363
civilization,-8.97176587363
eliminate,-8.56630076552
quote,-8.97176587363
....vindication,-8.97176587363
‚Äúmorning,-8.97176587363
@billdeblasio,-8.56630076552
diary..,-8.97176587363
payments,-8.97176587363
pirro,-8.97176587363
tankers,-8.97176587363
patient,-8.97176587363
remembered,-8.97176587363
martin,-8.97176587363
continuing,-8.97176587363
raided,-8.97176587363
refused,-8.97176587363
step,-8.27861869307
refuses,-8.56630076552
....this,-8.97176587363
wealth,-8.97176587363
mariano‚Äôs,-8.97176587363
goods,-8.97176587363
anything,-7.58547151251
temper,-8.56630076552
trounced,-8.97176587363
https://t.co/p5imhmjqs1,-8.97176587363
firing,-8.97176587363
reduced,-8.97176587363
deserves,-8.97176587363
@ingrahamangle,-8.97176587363
congressman,-7.87315358496
hatred,-8.05547514176
yisroel,-8.97176587363
silence,-8.97176587363
wedded,-8.56630076552
opioid,-8.97176587363
tomorrow‚Äôs,-8.97176587363
clinton,-7.58547151251
plenty,-8.97176587363
garbage,-8.97176587363
harassed,-8.97176587363
constitution.‚Äù,-8.97176587363
diwali,-8.97176587363
within,-8.27861869307
framed,-8.97176587363
services,-8.56630076552
appropriate,-8.27861869307
"$35,-8.97176587363
france,-8.97176587363
risk,-8.56630076552
impressed,-8.97176587363
minority,-8.56630076552
‚Äúi,-7.87315358496
spending,-8.56630076552
placing,-8.97176587363
question,-7.46768847686
https://t.co/sswnx8oq65,-8.97176587363
long,-6.62039061647
‚Äúa,-8.27861869307
‚Äúnot,-8.97176587363
derangement,-8.97176587363
forward,-7.71900290514
‚Äúgrandmother.‚Äù,-8.97176587363
sections,-8.27861869307
twitter,-8.27861869307
good.‚Äù,-8.97176587363
built),-8.97176587363
himself,-8.05547514176
invite,-8.97176587363
treasonous,-8.97176587363
jewish,-8.56630076552
constitutionally,-8.97176587363
won‚Äôt,-7.71900290514
larry,-8.97176587363
haven‚Äôt,-8.27861869307
filed,-8.97176587363
russian,-7.58547151251
coldest,-8.97176587363
line,-8.27861869307
directed,-8.97176587363
patriot,-8.56630076552
viciously,-8.97176587363
throug,-8.97176587363
‚Äúdonald,-8.56630076552
https://t.co/trqa75kxln,-8.97176587363
verification,-8.97176587363
planes,-8.97176587363
called,-7.3623279612
uber,-8.97176587363
(they),-8.97176587363
humanitarian,-7.58547151251
ordered,-8.56630076552
adults,-8.97176587363
likewise,-7.71900290514
influence,-8.97176587363
https://t.co/xlfnwafxpg,-8.97176587363
loudly......,-8.97176587363
problem.,-8.97176587363
single,-8.56630076552
warning,-8.97176587363
fabricating,-8.97176587363
rally,-8.27861869307
graham,-8.56630076552
https://t.co/ctb5yjl1vb,-8.97176587363
....thought,-8.97176587363
lemon,-8.97176587363
‚Äúfast,-8.97176587363
amounts,-8.27861869307
‚Äúpresidential‚Äù,-8.97176587363
uranium,-8.97176587363
nick,-8.56630076552
politicians,-8.56630076552
hoopla,-8.97176587363
income,-8.97176587363
department,-7.71900290514
manhattan,-8.97176587363
nice,-7.3623279612
poway,-8.27861869307
re-election,-8.97176587363
problems,-8.27861869307
resign,-8.56630076552
lucia,-8.97176587363
helping,-7.87315358496
rested,-8.97176587363
allowing,-8.56630076552
score,-8.97176587363
voting,-8.05547514176
happier,-8.97176587363
vice,-8.97176587363
ending,-8.97176587363
today‚Äôs,-8.05547514176
walked,-8.97176587363
2001,-8.97176587363
presenting,-8.97176587363
rallies,-8.97176587363
columbus,-8.97176587363
leaked,-8.97176587363
(congress,-8.97176587363
haberman,-8.97176587363
having,-7.46768847686
once,-8.05547514176
#hof2019üíØ,-8.97176587363
issued,-8.97176587363
results,-8.56630076552
the....,-8.27861869307
existing,-8.97176587363
highways,-8.97176587363
farms,-8.97176587363
sanctuary,-8.05547514176
legal,-8.27861869307
(collusion,-8.97176587363
watters,-8.97176587363
issues,-8.56630076552
....today‚Äôs,-8.97176587363
gold,-8.97176587363
https://t.co/8floejopxh,-8.97176587363
https://t.co/1qwbgqccyj,-8.97176587363
concerned,-8.56630076552
(msnbc‚Äôs,-8.97176587363
young,-8.05547514176
send,-8.56630076552
appointed,-8.97176587363
truth...and,-8.97176587363
obstructing,-8.97176587363
anti-semitism,-8.56630076552
crisis.,-8.97176587363
passion,-8.97176587363
been....,-8.97176587363
include,-8.97176587363
friendly,-8.97176587363
sent,-8.27861869307
reputation...,-8.97176587363
probe,-8.97176587363
seized,-8.97176587363
mainstream,-8.27861869307
outside,-8.56630076552
continues,-8.56630076552
account,-8.56630076552
tulsi,-8.97176587363
wishes,-8.97176587363
putting,-7.58547151251
telling,-8.27861869307
@narendramodi,-8.97176587363
delusion),-8.97176587363
‚Äúis,-8.97176587363
entire,-7.87315358496
magic,-8.56630076552
respectful,-8.97176587363
mccarthyism....which,-8.97176587363
knight,-8.97176587363
button,-8.97176587363
michael,-8.56630076552
deals,-8.27861869307
race,-7.71900290514
000.00 ",-8.97176587363
murdock,-8.97176587363
polling,-8.27861869307
bernie,-8.05547514176
https://t.co/lzrn4j8spd,-8.97176587363
someday,-8.97176587363
pledge,-8.27861869307
general‚Äôs,-8.97176587363
other.,-8.97176587363
@kilmeade,-8.97176587363
history.....,-8.97176587363
pres,-8.56630076552
‚Äúleaders‚Äù,-8.97176587363
immigrants‚Äù,-8.97176587363
‚Äúdossier‚Äù,-8.56630076552
laws.,-8.97176587363
acid,-8.97176587363
makers,-8.97176587363
depression,-8.97176587363
inaccurate,-8.27861869307
#shiftyschiff,-8.97176587363
plays,-8.97176587363
power,-7.87315358496
giving,-8.05547514176
staying.,-8.97176587363
$100 ,-8.97176587363
reaching,-8.97176587363
7:pm,-8.97176587363
networks,-8.97176587363
access,-8.56630076552
waiting,-8.56630076552
https://t.co/vgsf5nezuh,-8.97176587363
crossed,-8.97176587363
.....to,-8.97176587363
exercise,-8.56630076552
body,-8.97176587363
chose,-8.97176587363
@lindseygrahamsc,-8.56630076552
following,-8.97176587363
focused,-8.56630076552
separation,-8.97176587363
others,-7.46768847686
consideration,-8.97176587363
extreme,-8.97176587363
ukraine,-8.05547514176
great,-4.91132286309
https://t.co/tudyzrc6w0,-8.97176587363
technical,-8.97176587363
chant,-8.97176587363
until,-7.3623279612
leaving,-7.87315358496
‚Äúhigh,-8.97176587363
products,-8.56630076552
nervous,-8.56630076552
honor,-8.27861869307
yelled.....,-8.97176587363
tapes,-8.97176587363
blizzard,-8.97176587363
egypt,-8.97176587363
presidents,-8.97176587363
lie),-8.97176587363
dumbest,-8.97176587363
oval,-8.97176587363
scandal,-8.56630076552
standing,-8.05547514176
confidence,-8.97176587363
francis,-8.97176587363
from,-5.62186178636
mendoza,-8.97176587363
illegal,-6.57387060083
"$30,-8.97176587363
bush,-8.97176587363
congratulated,-8.56630076552
next,-8.27861869307
process,-8.97176587363
covington,-8.56630076552
doubt,-8.27861869307
expanding,-8.97176587363
he‚Äôs,-8.27861869307
themselves,-7.87315358496
simpler,-8.97176587363
....as,-8.97176587363
ocasio-cortez,-8.97176587363
misdemeanors‚Äù,-8.97176587363
upcoming,-8.97176587363
started,-8.56630076552
becomes,-8.97176587363
occurred,-8.97176587363
over...,-8.97176587363
dealings,-8.97176587363
train,-8.97176587363
@seanhannity,-8.97176587363
prizes,-8.97176587363
ashamed,-8.27861869307
nypd,-8.97176587363
potential,-7.58547151251
women,-8.27861869307
congresswomen...,-8.97176587363
works,-8.56630076552
announcing,-8.97176587363
sanctions,-8.56630076552
this,-4.9464141829
ride,-8.97176587363
clients,-8.97176587363
pour,-8.97176587363
conman,-8.56630076552
degrees,-8.97176587363
anywhere,-7.46768847686
obvious,-8.97176587363
island,-8.56630076552
meet,-7.71900290514
401(k)s,-8.97176587363
@voteridplease,-8.97176587363
control,-7.71900290514
patrol,-7.3623279612
#finishthewall,-8.97176587363
spying,-8.56630076552
far),-8.97176587363
high,-7.09996369673
pulling,-8.56630076552
something,-8.05547514176
sought,-8.97176587363
devastate,-8.97176587363
standard,-8.56630076552
rape,-8.97176587363
native,-8.97176587363
united,-5.58737561029
syndrome,-8.97176587363
democracy,-8.97176587363
destroying,-8.97176587363
hampshire,-8.97176587363
delay,-8.97176587363
brian,-8.97176587363
$billions,-8.97176587363
slamming,-8.97176587363
instead,-8.56630076552
immoral,-8.97176587363
reaffirms,-8.97176587363
stock,-7.46768847686
counterfeits,-8.97176587363
....so,-8.97176587363
stop,-6.57387060083
waters,-8.97176587363
await,-8.97176587363
unforgivable,-8.97176587363
gardner,-8.97176587363
bothered,-8.97176587363
ronald,-8.56630076552
abuse,-8.27861869307
cutsetc.),-8.97176587363
out),-8.97176587363
concession,-8.97176587363
solidarity,-8.97176587363
realized,-8.97176587363
joe‚Äù,-8.97176587363
physical,-8.97176587363
‚Äúthere‚Äôs,-8.97176587363
amazon,-8.97176587363
.....‚Äùjournalism‚Äù,-8.97176587363
realizes,-8.97176587363
nancy,-6.62039061647
healthcare,-8.56630076552
christopher,-8.97176587363
lined,-8.97176587363
houston,-8.97176587363
producer,-8.97176587363
https://t.co/cx8op2qyw7,-8.97176587363
move,-8.56630076552
symbols,-8.97176587363
https://t.co/xqiguowh4x,-8.97176587363
including,-7.02585572458
looks,-8.05547514176
17000,-8.97176587363
haiti,-8.97176587363
warren,-8.27861869307
perfect,-8.97176587363
notre,-8.56630076552
chosen,-8.97176587363
flawed,-8.97176587363
ships,-8.97176587363
winning,-8.27861869307
meantime,-8.56630076552
....detention,-8.97176587363
president‚Äù,-8.97176587363
2019,-8.27861869307
2018,-8.56630076552
years-historic,-8.97176587363
2015,-8.97176587363
covered,-8.56630076552
criminal,-7.87315358496
crowds,-8.27861869307
crash,-8.56630076552
greater,-8.56630076552
mention,-8.27861869307
republican,-6.40681651617
realize,-8.97176587363
presidential,-6.7745412963
isn‚Äôt,-8.27861869307
‚Äúthank,-8.56630076552
‚Äúentirely,-8.97176587363
university,-8.97176587363
countries,-6.89232433195
decommission,-8.97176587363
https://t.co/8en2bvtllu,-8.97176587363
rockets,-8.97176587363
trap,-8.97176587363
truth,-7.87315358496
33000,-8.56630076552
upward,-8.97176587363
(the,-8.56630076552
doing,-6.16840549272
parties,-8.56630076552
@netanyahu,-8.97176587363
related,-8.97176587363
ambassadors,-8.97176587363
agriculture,-8.97176587363
special,-7.58547151251
category,-8.56630076552
respects,-8.97176587363
socialism.‚Äù,-8.97176587363
recognizeable,-8.97176587363
entertainment,-8.97176587363
defend,-8.56630076552
unlawful,-8.97176587363
much....,-8.97176587363
appeals,-8.97176587363
arkansas,-8.97176587363
lies‚Äù,-8.97176587363
https://t.co/oqqaag2zuw,-8.97176587363
we‚Äôre,-8.97176587363
#crookedjournalism,-8.97176587363
announced,-8.05547514176
achievements,-8.97176587363
aliens,-8.05547514176
frank,-8.97176587363
recommendations,-8.97176587363
humiliating,-8.97176587363
promptly,-8.97176587363
completely,-8.56630076552
jill,-8.97176587363
york,-7.3623279612
disgusted,-8.97176587363
187-4,-8.97176587363
closing.....,-8.97176587363
cured,-8.97176587363
(ridiculous),-8.97176587363
islamic,-8.56630076552
...the,-8.56630076552
could,-6.62039061647
obstruction),-8.97176587363
florida,-8.05547514176
keep,-7.58547151251
marcelo,-8.97176587363
conversation,-8.05547514176
length,-8.97176587363
shred,-8.97176587363
hence,-8.97176587363
cain,-8.97176587363
troublemakers,-8.56630076552
south,-8.05547514176
softer,-8.97176587363
rudely,-8.97176587363
finest,-8.97176587363
....mueller,-8.97176587363
blown,-8.97176587363
powerful,-7.71900290514
strategic,-8.97176587363
embarrassed,-8.56630076552
see.‚Äù,-8.97176587363
phil,-8.97176587363
....big,-8.97176587363
lagging,-8.97176587363
wikileaks,-8.97176587363
gatherings,-8.97176587363
reached,-8.05547514176
blows,-8.97176587363
management,-8.97176587363
sadly,-7.87315358496
table,-8.97176587363
#usstatevisitüá∫üá∏üá¨üáß,-8.97176587363
festival,-8.97176587363
guys,-8.97176587363
respond,-8.97176587363
love),-8.97176587363
system,-7.46768847686
rasmussen,-8.97176587363
grow,-8.97176587363
their,-5.75289004876
attack,-8.05547514176
‚Äúreport‚Äù,-8.97176587363
appalachian,-8.97176587363
bite,-8.56630076552
behaved,-8.97176587363
final,-8.97176587363
enforcement,-7.71900290514
zone....,-8.97176587363
birth....,-8.97176587363
mariano,-8.97176587363
‚Äúabout,-8.97176587363
completed,-8.56630076552
exactly,-8.56630076552
megan,-8.56630076552
boeing,-8.56630076552
july,-8.27861869307
elite,-8.56630076552
steel,-7.87315358496
resist,-8.97176587363
photograph,-8.97176587363
‚Äúdetained,-8.97176587363
‚Äúabuser‚Äù,-8.97176587363
mexico‚Äôs,-8.97176587363
bother,-8.97176587363
sweden,-8.56630076552
defense,-8.56630076552
loves,-8.05547514176
lover,-8.56630076552
clemson,-8.97176587363
2014,-8.97176587363
cohen,-8.97176587363
rnc),-8.97176587363
....to,-8.97176587363
tonight,-7.71900290514
fail,-8.97176587363
alerted,-8.97176587363
have,-4.64763321738
need,-7.02585572458
are....,-8.97176587363
handled,-8.97176587363
border,-5.18757623971
catholic,-8.97176587363
afraid,-8.97176587363
russians,-8.97176587363
inform,-8.27861869307
#snhuarena,-8.97176587363
able,-7.58547151251
‚Äúmastermind‚Äù,-8.97176587363
which,-6.26371567253
(june),-8.97176587363
savages,-8.97176587363
(annapolis),-8.97176587363
25000,-8.56630076552
allow,-7.87315358496
country....,-8.56630076552
intentions,-8.97176587363
eight,-8.97176587363
medal,-8.97176587363
herman,-8.56630076552
so-called,-8.05547514176
non-tariffed,-8.97176587363
consequences,-8.97176587363
visiting,-8.97176587363
upset,-8.27861869307
face,-8.56630076552
looked,-8.05547514176
lowered,-8.97176587363
wounded,-8.56630076552
#happydiwali,-8.97176587363
fact,-6.62039061647
crisis.‚Äù,-8.97176587363
anti-usa,-8.97176587363
agreed,-8.56630076552
side‚Äù,-8.97176587363
anyway,-8.27861869307
unbelievable,-8.97176587363
bring,-7.1800064044
planning,-8.97176587363
@specialolyusa,-8.97176587363
democrats,-5.32110763234
rebuke,-8.97176587363
soldiers,-8.05547514176
fear,-8.97176587363
asylum,-8.56630076552
pleased,-7.87315358496
s&amp,-8.97176587363
staff,-8.97176587363
congrats,-8.97176587363
envy,-8.97176587363
kraft,-8.97176587363
based,-7.87315358496
knowledge,-8.97176587363
6000,-8.97176587363
years),-8.97176587363
winner,-8.97176587363
should,-5.60447004364
institutions.‚Äù,-8.97176587363
‚Äúany,-8.97176587363
...and,-8.97176587363
rabbi,-8.97176587363
fuel,-8.97176587363
communist,-8.97176587363
god-given,-8.97176587363
thousands,-8.05547514176
hope,-7.71900290514
boris,-8.97176587363
sued,-8.97176587363
keeps,-8.97176587363
#2020,-8.27861869307
watching,-8.97176587363
beat,-8.97176587363
@specialolympics,-8.97176587363
michigan,-8.56630076552
mccabe‚Äôs,-8.97176587363
lucky,-8.97176587363
impeachment,-7.09996369673
likely,-8.97176587363
ms-13,-8.97176587363
me.‚Äù,-8.97176587363
words,-7.87315358496
probably,-8.27861869307
timing,-8.97176587363
tossed,-8.97176587363
rep.tlaib,-8.97176587363
kong,-8.97176587363
areas,-8.97176587363
produced,-8.97176587363
committees,-8.97176587363
trucks,-8.97176587363
rage,-8.97176587363
taxes,-7.87315358496
calling,-8.56630076552
reid,-8.97176587363
deception.‚Äù,-8.97176587363
making),-8.97176587363
wish,-7.87315358496
ohio,-8.27861869307
fixed,-8.27861869307
the.....,-8.97176587363
generations,-8.97176587363
europe,-8.56630076552
suing,-8.97176587363
accuses,-8.97176587363
prayers,-8.56630076552
national,-6.83169971014
shake,-8.97176587363
fantastically,-8.97176587363
fictitious,-8.97176587363
computer,-8.97176587363
unfairly,-8.97176587363
agricultural,-8.56630076552
packed,-8.97176587363
creating,-8.97176587363
cole,-8.97176587363
‚Äúsomeone,-8.97176587363
https://t.co/nyyntsx573,-8.97176587363
turks,-8.97176587363
placed,-8.97176587363
nuclear,-7.71900290514
nightmare,-8.27861869307
ralph,-8.56630076552
favor,-8.56630076552
written,-8.56630076552
difficulties,-8.97176587363
correctly,-8.97176587363
horrible,-7.46768847686
progress,-8.05547514176
there....,-8.97176587363
tied,-8.97176587363
ends,-8.97176587363
#freerocky,-8.97176587363
sorely,-8.97176587363
opening,-8.56630076552
importance,-8.56630076552
deliver,-8.97176587363
agencies,-8.27861869307
weren‚Äôt,-8.27861869307
embarrassment,-8.56630076552
approval,-7.46768847686
lawsuit,-8.97176587363
nominations,-8.97176587363
garden,-8.56630076552
david,-8.56630076552
new.....,-8.97176587363
tantrum,-8.97176587363
piece,-8.97176587363
(please,-8.97176587363
limits,-8.97176587363
admin,-8.97176587363
....something,-8.97176587363
taking,-7.71900290514
drug,-7.02585572458
admit,-8.97176587363
figures,-8.97176587363
otherwise,-8.56630076552
detailed,-8.97176587363
relevant,-8.97176587363
spewed,-8.97176587363
opposition,-8.05547514176
agents,-8.05547514176
wall,-5.88072342027
@abeshinzo,-8.97176587363
brennan,-8.97176587363
incest,-8.97176587363
https://t.co/mdpn4yvs8e,-8.97176587363
respect,-8.05547514176
oakland,-8.97176587363
pouring,-8.97176587363
deal....,-8.97176587363
tremendous,-7.02585572458
‚Äúsquad‚Äù,-8.97176587363
america‚Äù,-8.97176587363
kahn,-8.97176587363
offers,-8.97176587363
treat,-8.56630076552
....you,-8.97176587363
recognize,-8.97176587363
babies.,-8.97176587363
waste,-8.27861869307
louisiana,-8.97176587363
@cher,-8.97176587363
accountability,-8.97176587363
mike,-8.56630076552
...at,-8.97176587363
overwhelmingly,-8.56630076552
protect,-8.56630076552
border...,-8.97176587363
tweets,-8.97176587363
finished,-8.97176587363
deep,-8.56630076552
hateful,-8.56630076552
puerto,-8.56630076552
prescription,-8.56630076552
fellow,-8.97176587363
2016,-7.09996369673
abandoned,-8.97176587363
unlike,-8.97176587363
harder,-8.97176587363
examine,-8.97176587363
will,-4.64763321738
waming,-8.97176587363
inaccurately,-8.97176587363
fault,-8.97176587363
rigged,-8.56630076552
grabbing...which,-8.97176587363
marrying....,-8.97176587363
h1-b,-8.97176587363
rashida,-8.97176587363
almost,-6.89232433195
https://t.co/03ddyvu6ha,-8.97176587363
surprisingly,-8.97176587363
u.s....,-8.97176587363
respected,-7.87315358496
denuclearize,-8.97176587363
draining,-8.97176587363
158000000,-8.97176587363
dems,-6.66918078064
politics,-8.05547514176
partner,-8.56630076552
inspector,-8.97176587363
portray,-8.97176587363
terrorist,-8.56630076552
perhaps,-6.95686285309
began,-8.97176587363
administration,-6.62039061647
unite,-8.97176587363
camp,-8.56630076552
highlighted,-8.97176587363
‚Äúslammed,-8.97176587363
parts,-8.97176587363
speaker,-8.56630076552
largest,-8.27861869307
party,-6.19917715139
terrorism,-8.97176587363
gets,-8.27861869307
sincerest,-8.97176587363
unconventional,-8.97176587363
reporting,-7.58547151251
upon,-8.97176587363
effect,-8.97176587363
nancy's,-8.97176587363
discredited,-8.56630076552
#g20osakasummit,-8.97176587363
warming,-8.56630076552
insure,-8.97176587363
....melania,-8.97176587363
center,-8.97176587363
https://t.co/tdmunj8htf,-8.97176587363
approve,-8.97176587363
well,-6.26371567253
fighting,-7.3623279612
messiah,-8.97176587363
thought,-7.58547151251
mccabe,-8.56630076552
drone,-8.56630076552
deserve,-8.97176587363
position,-8.27861869307
wand.‚Äù,-8.97176587363
usual,-8.97176587363
lynching,-8.97176587363
restore,-8.97176587363
unbridled,-8.97176587363
rocket,-8.97176587363
less,-8.56630076552
moments,-8.97176587363
accurate,-8.97176587363
executive,-8.27861869307
facebook,-8.97176587363
sources,-8.27861869307
‚Äúmeanwhile,-8.97176587363
fishing,-8.97176587363
seats,-8.56630076552
protecting,-8.05547514176
rest,-8.97176587363
narcotics,-8.97176587363
let‚Äôs,-8.56630076552
officially,-8.97176587363
https://t.co/tnuhnw8kll,-8.97176587363
point,-8.27861869307
smith,-8.97176587363
mcconnell,-8.97176587363
killed,-7.71900290514
arrest,-8.97176587363
book,-8.56630076552
nato,-8.27861869307
https://t.co/mie0vofzae,-8.97176587363
‚Äúit‚Äôs,-8.56630076552
citizen,-8.27861869307
unprecedented,-8.56630076552
smart,-8.56630076552
details,-8.56630076552
resolved,-8.97176587363
mar-a-lago,-8.97176587363
government,-7.3623279612
judiciary,-8.97176587363
historic,-7.87315358496
know,-6.2976172242
burden,-8.97176587363
press,-7.26701778139
immediately,-7.3623279612
height,-8.97176587363
(stopping,-8.97176587363
lincoln,-8.56630076552
trash,-8.97176587363
necessary,-7.87315358496
like,-6.00135140806
lost,-8.05547514176
sizes,-8.97176587363
trillion,-8.97176587363
journalism,-8.27861869307
loser,-8.05547514176
hosts,-8.97176587363
journalist,-8.97176587363
lose,-7.71900290514
become,-7.26701778139
conclusion,-8.56630076552
page,-8.56630076552
inexperienced,-8.97176587363
replacement,-8.97176587363
amendment,-8.56630076552
because,-6.57387060083
footage,-8.56630076552
@foxnews,-8.27861869307
growth,-8.27861869307
expected,-8.97176587363
proper,-8.56630076552
home,-7.87315358496
peter,-8.56630076552
employment,-8.97176587363
administrations,-8.97176587363
happens,-8.56630076552
nations....,-8.97176587363
charges,-8.97176587363
lead,-8.56630076552
avoid,-8.97176587363
hurricane,-8.97176587363
students,-8.27861869307
does,-7.46768847686
sponsoring,-8.97176587363
pills....,-8.97176587363
$23 ,-8.97176587363
leader,-7.3623279612
rip-off,-8.97176587363
regain,-8.97176587363
gratitude,-8.97176587363
murderer,-8.97176587363
obey,-8.97176587363
anytime.‚Äù,-8.97176587363
https://t.co/3xbevl92py,-8.97176587363
168 ",-8.97176587363
mitt,-8.56630076552
....and,-8.97176587363
comcast,-8.97176587363
paper,-8.97176587363
pressure,-8.27861869307
worthy,-8.56630076552
choked,-8.97176587363
campaign.‚Äù,-8.56630076552
now),-8.97176587363
retribution,-8.97176587363
about,-5.81476545248
trump‚Äôs,-8.97176587363
getting,-6.89232433195
freedom,-8.27861869307
certainty,-8.97176587363
ahead,-8.27861869307
recognized,-8.97176587363
carrier,-8.97176587363
that‚Äôs,-7.87315358496
insufficient,-8.97176587363
tongue,-8.97176587363
life....all,-8.97176587363
https://t.co/9jgdue5bf8,-8.97176587363
ways,-8.97176587363
cocked,-8.97176587363
conway,-8.56630076552
previously,-8.97176587363
washington,-7.46768847686
commitment,-8.97176587363
billions,-7.58547151251
times),-8.97176587363
guard,-8.97176587363
promise,-8.27861869307
tiny,-8.97176587363
forget,-8.27861869307
terminated,-8.97176587363
1984,-8.97176587363
prudent,-8.97176587363
additional,-8.27861869307
analyst,-8.97176587363
f...word,-8.97176587363
transfer,-8.97176587363
housing,-8.97176587363
secret,-8.97176587363
kidding,-8.56630076552
biggest,-7.09996369673
venezuelan,-8.97176587363
flynn,-8.97176587363
blasio,-8.56630076552
north,-6.95686285309
@jessebwatters,-8.56630076552
agrees,-8.97176587363
‚Äòabuse,-8.97176587363
blaming,-8.97176587363
reminds,-8.97176587363
neutral,-8.97176587363
construction,-7.87315358496
gain,-8.97176587363
courts,-8.97176587363
border/dmz,-8.97176587363
overflow,-8.97176587363
highest,-7.71900290514
entered,-8.97176587363
davos,-8.97176587363
made,-6.40681651617
wise,-8.97176587363
places,-8.56630076552
whether,-8.56630076552
congresswoman,-8.97176587363
official,-8.97176587363
signed,-8.27861869307
record,-7.1800064044
(blumenthal),-8.97176587363
stories,-7.87315358496
monument,-8.97176587363
nasa,-8.56630076552
problem,-7.46768847686
venezuela.,-8.97176587363
minutes,-7.87315358496
display,-8.56630076552
‚Äúorganization,-8.97176587363
supreme,-8.05547514176
public.....,-8.97176587363
https://t.co/tnvdghxopo,-8.97176587363
nurses,-8.97176587363
settlement‚Äù,-8.97176587363
@60minutes,-8.97176587363
romney,-8.97176587363
meaningless,-8.97176587363
anti-semite,-8.97176587363
schedule,-8.27861869307
h...,-8.97176587363
shooting,-8.05547514176
naming,-8.97176587363
anchors,-8.97176587363
conspired,-8.56630076552
compared,-8.97176587363
incredible,-8.05547514176
sexual,-8.56630076552
country‚Äôs,-8.05547514176
back.....,-8.97176587363
virtual,-8.56630076552
lately,-8.97176587363
other,-6.05399514155
boom,-8.97176587363
sick,-8.05547514176
kurds,-8.97176587363
https://t.co/zi4012ld7s,-8.97176587363
https://t.co/ghvfbka2kz,-8.97176587363
illegally,-7.71900290514
francisco,-8.27861869307
star,-8.97176587363
monday,-8.56630076552
june,-8.56630076552
outlets,-8.56630076552
variation,-8.97176587363
stay,-8.05547514176
r‚Äôs,-8.97176587363
chance,-8.56630076552
terror.‚Äù,-8.97176587363
friends,-8.27861869307
prize,-8.97176587363
colluded),-8.97176587363
ranks,-8.97176587363
starting,-8.56630076552
rule,-8.56630076552
status,-8.97176587363
lives,-8.27861869307
unspeakable,-8.97176587363
richard,-8.97176587363
