ever),-8.90652891759
pardon,-8.50106380949
child,-8.50106380949
https://t.co/1ceplqe5mz,-8.90652891759
four,-8.90652891759
obstruction,-7.03472674069
hating,-8.90652891759
hate,-8.90652891759
(which,-8.21338173703
defraud,-8.90652891759
consider,-8.90652891759
looking,-7.20178082536
fronts,-8.50106380949
voter,-8.90652891759
(for,-8.21338173703
tweet,-8.21338173703
...sound,-8.90652891759
activist,-8.90652891759
....down,-8.90652891759
voted,-8.90652891759
whatsoever,-8.90652891759
under,-7.11476944837
imperative,-8.90652891759
sorry,-7.99023818572
pride,-8.90652891759
worth,-8.90652891759
@breitbartnews,-8.90652891759
.....was,-8.90652891759
cemetary,-8.90652891759
distort,-8.50106380949
https://t.co/4fms202nrw,-8.90652891759
handling,-8.90652891759
every,-6.96061876854
foul,-8.90652891759
month,-8.90652891759
bringing,-7.80791662893
@hhsgov,-8.90652891759
school,-8.50106380949
investigator,-8.90652891759
responders,-8.90652891759
companies,-7.11476944837
lamestream,-7.99023818572
pardons,-8.90652891759
authorized,-8.90652891759
unhinged,-8.90652891759
heading,-8.50106380949
@justinamash,-8.90652891759
enjoy,-8.21338173703
inexpensive),-8.90652891759
tired,-8.90652891759
practically,-8.90652891759
justices,-8.90652891759
japanese,-8.90652891759
holocaust,-8.90652891759
reborn...https://t.co/hpl5w48pmg,-8.90652891759
surrounding,-8.90652891759
https://t.co/a5plswpjyx,-8.90652891759
others.,-8.90652891759
@secretservice,-8.90652891759
machines,-8.90652891759
(just,-8.50106380949
even,-5.83847598246
change),-8.90652891759
https://t.co/6s6mp6yh3a,-8.90652891759
zeldin,-8.50106380949
bahamas....,-8.90652891759
missteps,-8.90652891759
liberty,-8.90652891759
reconstruction,-8.90652891759
resilient,-8.90652891759
poorly,-8.90652891759
ever,-6.34157956013
admiral,-8.90652891759
told,-8.21338173703
mike‚Äôs,-8.90652891759
3%...with,-8.90652891759
simultaneously,-8.90652891759
reporter,-8.90652891759
never,-5.91079664404
votes,-8.50106380949
here,-7.99023818572
electrified,-8.90652891759
reported,-8.50106380949
protection,-8.90652891759
china,-5.96208993843
ethanol,-8.50106380949
represented,-8.90652891759
https://t.co/ke4w2m9oom,-8.90652891759
‚Äúour,-8.90652891759
referring,-8.90652891759
luther,-8.90652891759
balance,-8.90652891759
forum,-8.90652891759
draghi,-8.90652891759
study,-8.50106380949
changed,-7.99023818572
envoy,-8.50106380949
reports,-8.90652891759
controversy,-8.90652891759
credit,-8.90652891759
harass,-8.90652891759
omar,-8.21338173703
https://t.co/a9v3uly8by,-8.90652891759
deere,-8.90652891759
military,-6.70930434026
@donnabrazile,-8.90652891759
go...,-8.90652891759
fantastic,-7.6537659491
secure,-8.50106380949
campaign,-7.52023455647
https://t.co/uug2gu0ttg,-8.90652891759
....order,-8.90652891759
conservatives,-8.50106380949
highly,-7.40245152082
brought,-7.99023818572
‚Äúrussian,-8.90652891759
....statement,-8.90652891759
opportunities,-8.50106380949
....proud,-8.90652891759
nothing...https://t.co/vuimnds4lz,-8.90652891759
10000,-8.90652891759
counts,-8.90652891759
total,-6.70930434026
opponents,-8.50106380949
sarah,-8.90652891759
plot,-8.50106380949
criminals,-8.50106380949
spoke,-7.40245152082
would,-5.77103470167
hospital,-8.90652891759
mexico,-6.96061876854
negative,-7.99023818572
insult,-8.90652891759
leaks,-8.90652891759
‚Äúchina,-8.90652891759
call,-6.55515366043
therefore,-8.21338173703
unfortunately,-8.50106380949
indiana,-8.90652891759
until,-8.50106380949
omar),-8.90652891759
iranians,-8.90652891759
supporters,-8.21338173703
successful,-8.50106380949
congenial,-8.90652891759
hereby,-8.90652891759
wars,-7.6537659491
book.‚Äù,-8.90652891759
hurt,-8.21338173703
‚Äúcops,-8.50106380949
phone,-7.52023455647
adult,-8.90652891759
excellent,-8.21338173703
hole,-8.50106380949
expenses,-8.90652891759
tariff,-8.21338173703
blocking,-8.90652891759
supplemental,-8.90652891759
must,-6.5086336448
.@cnn,-8.90652891759
sirisena,-8.90652891759
word,-7.6537659491
1994,-8.50106380949
rights,-8.90652891759
1998,-8.90652891759
work,-6.70930434026
declassify,-8.90652891759
temperatures,-8.90652891759
transparency,-8.90652891759
henry,-8.90652891759
famer,-8.90652891759
estate,-8.90652891759
give,-7.99023818572
https://t.co/hm6rxlewpp,-8.90652891759
currency,-7.52023455647
reviewing,-8.90652891759
want,-6.04432803667
david,-8.50106380949
usmca,-7.99023818572
advancing,-8.90652891759
absolute,-8.90652891759
tornadoes,-8.90652891759
poverty,-8.90652891759
recovery,-8.90652891759
turn,-8.21338173703
respected,-8.50106380949
travel,-8.90652891759
sitting,-8.90652891759
damage,-8.90652891759
kabul,-8.90652891759
amazing,-7.80791662893
accusations,-8.90652891759
significance,-8.90652891759
interview,-7.6537659491
‚Äúwow,-8.90652891759
boeing.....,-8.90652891759
beach,-8.50106380949
charging,-8.90652891759
badly,-7.99023818572
description,-8.90652891759
mess,-8.90652891759
after,-6.6039438246
....have,-8.90652891759
customs,-8.90652891759
72000,-8.90652891759
wrong,-7.29709100516
wirch,-8.90652891759
destined,-8.90652891759
president,-5.44079301479
@armywp_football,-8.90652891759
meaningful,-8.90652891759
proceeds,-8.90652891759
purchase,-8.90652891759
anymore,-8.50106380949
third,-8.90652891759
scourge,-8.90652891759
@flotus,-8.90652891759
wins,-8.90652891759
appreciate,-8.50106380949
@mustefabali,-8.90652891759
18th,-8.90652891759
green,-8.50106380949
....your,-8.90652891759
....i,-7.6537659491
democratic,-8.50106380949
order,-7.6537659491
updates,-8.90652891759
senators,-8.90652891759
to....,-8.90652891759
office,-8.50106380949
enter,-8.90652891759
telecom,-8.90652891759
over,-6.82708737591
colorado‚Äù(then,-8.90652891759
down),-8.90652891759
nolte,-8.90652891759
reached,-8.50106380949
london,-8.90652891759
@senatemajldr,-8.90652891759
japan,-7.99023818572
TRUE,-6.96061876854
mayor,-8.21338173703
before,-6.65523711899
what‚Äôs,-8.21338173703
https://t.co/qqebiqekkx,-8.90652891759
https://t.co/symhksdu5w,-8.90652891759
personal,-8.90652891759
https://t.co/le48volte0,-8.90652891759
crew,-8.90652891759
better,-6.96061876854
spoken,-8.90652891759
grassley‚Äôs,-8.90652891759
production,-8.90652891759
https://t.co/aizkkvbsh7,-8.90652891759
weeks,-7.6537659491
obstruction...anyway,-8.90652891759
easier,-7.80791662893
then,-7.52023455647
them,-6.23238026817
affected,-8.90652891759
weakness,-8.90652891759
safe,-7.80791662893
hispanics,-8.50106380949
caterpillar,-8.90652891759
therapy,-8.90652891759
they,-4.86347764976
@tomfitton,-8.90652891759
bank,-8.90652891759
structural,-8.90652891759
week),-8.90652891759
cable,-8.90652891759
edge,-8.90652891759
classified,-8.50106380949
chuck,-8.90652891759
fraternal,-8.90652891759
stimulus,-8.21338173703
victories,-8.90652891759
victory,-8.21338173703
reasonable,-8.90652891759
each,-8.21338173703
went,-7.80791662893
entitled,-8.90652891759
side,-7.6537659491
@cnn,-7.52023455647
development,-8.50106380949
signing,-8.90652891759
schemes,-8.90652891759
snakes,-8.90652891759
https://t.co/12tiw3anqp,-8.90652891759
venue,-8.50106380949
train,-8.50106380949
crimes,-7.6537659491
#g7biarritz,-8.90652891759
group,-8.90652891759
celebrating,-8.90652891759
used,-8.90652891759
trading,-8.90652891759
doug,-8.50106380949
navy,-8.90652891759
lawyers,-8.50106380949
74000,-8.90652891759
disloyalty,-8.90652891759
network,-8.90652891759
driving,-8.50106380949
lockhead,-8.90652891759
washed,-8.90652891759
doesn‚Äôt.....,-8.90652891759
mccarthy,-8.50106380949
encourage,-8.90652891759
for.......,-8.90652891759
degenerate......,-8.90652891759
venezuela,-8.21338173703
backup.....,-8.90652891759
independence,-8.90652891759
misrepresentations,-8.90652891759
foundation,-8.50106380949
https://t.co/qaskw8iwnz,-8.90652891759
turning,-8.50106380949
barrier,-8.90652891759
city,-8.50106380949
rico.....,-8.90652891759
u.s.,-8.90652891759
hassett,-8.90652891759
‚Äúeverything,-8.90652891759
little,-7.99023818572
free,-8.50106380949
standard,-8.50106380949
https://t.co/f3ej0z21pz,-8.90652891759
small,-8.90652891759
appointments,-8.90652891759
vets,-7.52023455647
wanted,-7.99023818572
https://t.co/68pehxfhmx,-8.90652891759
juan,-8.90652891759
companies...,-8.90652891759
recovering,-8.90652891759
created,-7.99023818572
days,-7.6537659491
local,-7.99023818572
pence,-8.21338173703
shipped,-8.90652891759
can‚Äôt,-7.40245152082
moving,-8.21338173703
bite,-8.90652891759
stewart,-8.90652891759
.@byronyork,-8.90652891759
already,-7.11476944837
speeding,-8.90652891759
primary,-8.50106380949
zell,-8.90652891759
fantasy,-8.90652891759
$1.60 ,-8.90652891759
another,-7.11476944837
https://t.co/yw57nhkpg2,-8.90652891759
esperanto,-8.90652891759
hood,-8.90652891759
leaders,-7.6537659491
@redsox,-8.90652891759
anyone,-7.52023455647
rated,-8.21338173703
fence,-8.90652891759
service,-8.21338173703
overs,-8.90652891759
hilton,-8.90652891759
morici,-8.90652891759
(there,-8.90652891759
needed,-7.80791662893
rates,-7.29709100516
https://t.co/jmue3prwmk,-8.90652891759
....what,-8.90652891759
john,-7.20178082536
@johnlegend,-8.90652891759
brits,-8.90652891759
collapse,-8.90652891759
happily,-8.90652891759
villages,-8.90652891759
serve,-8.90652891759
took,-7.80791662893
negotiating,-8.90652891759
https://t.co/8gcmgqavyk,-8.90652891759
western,-8.90652891759
https://t.co/bznwkoujlg,-8.90652891759
wasted,-8.90652891759
shortly,-7.99023818572
@realwayneroot,-8.90652891759
FALSE,-7.80791662893
showed,-8.90652891759
nominate,-8.90652891759
country‚Äôs,-7.80791662893
reaffirm,-8.90652891759
second,-7.80791662893
nations,-7.80791662893
trey,-8.90652891759
don‚Äôt,-6.34157956013
solomon,-8.90652891759
williams,-8.90652891759
feeling,-8.90652891759
powers,-8.50106380949
‚Äúwhen,-8.21338173703
we‚Äôve,-8.21338173703
boston,-8.50106380949
modern,-8.90652891759
mind,-8.90652891759
spent,-8.50106380949
talking,-7.11476944837
opioid,-8.90652891759
#magaüá∫üá∏,-8.90652891759
seen,-7.80791662893
seem,-8.90652891759
sounding,-8.90652891759
nail(no,-8.90652891759
.....this,-8.90652891759
affairs,-8.90652891759
abroad,-8.90652891759
implemented,-8.90652891759
responsible,-8.50106380949
brandon,-8.90652891759
upholding,-8.90652891759
subjects,-8.90652891759
it...,-8.50106380949
grips,-8.90652891759
wickremesinghe,-8.90652891759
subpoena,-8.90652891759
blue,-8.90652891759
exactly,-8.90652891759
though,-7.40245152082
thrilled,-8.21338173703
pre-existing....,-8.90652891759
braun,-8.90652891759
mario,-8.90652891759
involving,-8.90652891759
germany,-8.50106380949
‚Äúsend,-8.90652891759
plenty,-8.21338173703
hearts,-8.50106380949
phase,-8.90652891759
‚Äúkids,-8.90652891759
rosenstein,-8.90652891759
germans,-8.90652891759
zealand,-8.90652891759
assisting,-8.90652891759
https://t.co/tsh8kds8qs,-8.90652891759
richard,-8.90652891759
cops,-8.90652891759
(@govkemp),-8.90652891759
camp,-8.90652891759
flow,-8.50106380949
@gma,-8.90652891759
swamp,-8.90652891759
competitors,-8.90652891759
storm,-8.21338173703
tech,-8.50106380949
principle,-8.90652891759
doesn‚Äôt,-7.20178082536
consumer,-8.21338173703
panama,-8.50106380949
came,-8.21338173703
reserve,-7.29709100516
saying,-7.6537659491
sanctuary,-8.90652891759
inspire,-8.90652891759
stephens,-8.90652891759
departing,-8.90652891759
andr√©s,-8.90652891759
meetings,-8.50106380949
queen,-8.90652891759
ending,-8.21338173703
5000,-8.90652891759
ambro,-8.90652891759
respectfully,-8.90652891759
@uscg,-8.90652891759
enjoyed,-8.50106380949
lessons,-8.90652891759
judges,-7.99023818572
axios,-8.90652891759
resemblance,-8.90652891759
charges,-8.90652891759
skirmishes,-8.50106380949
headline,-8.50106380949
explain,-8.90652891759
sentence,-8.50106380949
minnesota,-7.99023818572
appreciated,-8.90652891759
rico,-7.29709100516
theme,-8.90652891759
https://t.co/aprvcjpqop,-8.90652891759
judged,-8.90652891759
pursuing,-8.90652891759
folks,-8.90652891759
announce,-8.21338173703
constant,-8.90652891759
ŸÖŸàÿ¨ÿ®,-8.90652891759
exports,-8.90652891759
roseanne,-8.90652891759
watch,-7.11476944837
coast,-8.90652891759
amazon,-8.50106380949
christopher,-7.6537659491
despite,-7.80791662893
report,-6.38080027329
f...ing,-8.90652891759
@govrondesantis,-8.90652891759
countries,-6.70930434026
nicely,-8.50106380949
officially,-8.90652891759
collusion,-6.6039438246
https://t.co/n2vsq8y0rb,-8.90652891759
public,-7.52023455647
monumental,-8.90652891759
briefed,-8.90652891759
‚Äújames,-8.90652891759
release,-7.99023818572
flagged,-8.90652891759
secretary,-7.80791662893
blew,-8.50106380949
....knowing,-8.90652891759
disaster,-7.29709100516
fair,-8.90652891759
@tpusa,-8.90652891759
testing,-8.90652891759
policy‚Äù,-8.90652891759
liddle‚Äô,-8.90652891759
zones,-8.90652891759
facts,-8.90652891759
....he,-8.21338173703
patience-they,-8.90652891759
horrendous,-8.90652891759
corrupt,-7.40245152082
hero,-8.21338173703
best,-6.7664627541
subject,-8.21338173703
brazil,-8.90652891759
‚Äúdrug-infested‚Äù,-8.90652891759
said,-6.65523711899
pressured,-8.50106380949
inappropriate,-8.50106380949
away,-7.99023818572
interviewing,-8.90652891759
@rickbarry44,-8.90652891759
nadler,-7.99023818572
tantamount,-8.90652891759
@tomcottonar,-8.90652891759
cooperation,-8.50106380949
hopefully,-8.50106380949
approach,-8.90652891759
with...,-8.90652891759
usitc,-8.90652891759
letting,-8.90652891759
check,-8.90652891759
felons,-8.90652891759
extend,-8.90652891759
@govofco,-8.90652891759
weak,-8.50106380949
studends....,-8.90652891759
poisoning,-8.90652891759
news,-5.61069205159
debt,-8.90652891759
pull,-8.90652891759
received,-8.50106380949
protect,-7.29709100516
accident,-8.90652891759
ÿß€åÿ±ÿßŸÜ,-8.50106380949
vision,-8.90652891759
country,-5.93611445202
pollster,-8.50106380949
‚Äúlast,-8.90652891759
against,-6.65523711899
participating,-8.90652891759
players,-8.90652891759
....that,-8.90652891759
games,-8.50106380949
@wallstreetjour,-8.90652891759
devaluation,-8.50106380949
quite,-8.90652891759
requests,-8.50106380949
asked,-7.52023455647
negotiation,-8.50106380949
suggest,-8.90652891759
(strong,-8.90652891759
fentanyl,-8.90652891759
tough,-7.52023455647
america‚Äôs,-8.90652891759
denuclearization,-8.90652891759
https://t.co/cbw3kxwves,-8.90652891759
kornhauser-duda,-8.90652891759
(including,-8.90652891759
administrations,-8.90652891759
fema,-8.90652891759
speak,-8.90652891759
conference,-8.90652891759
iraq,-8.90652891759
targeting,-8.50106380949
basis,-8.90652891759
union,-8.21338173703
comey.‚Äù,-8.90652891759
three,-8.90652891759
been,-5.61069205159
quickly,-7.80791662893
much,-5.83847598246
interest,-6.82708737591
renegotiation,-8.90652891759
expected,-8.21338173703
captives,-8.90652891759
celebration,-8.90652891759
incompetent,-8.50106380949
duties,-8.50106380949
conte,-8.90652891759
job‚Äù,-8.50106380949
.@60minutes,-8.90652891759
https://t.co/ximqfztjlv,-8.90652891759
anchors,-8.90652891759
eastern,-8.50106380949
drugs,-7.6537659491
quantities,-8.90652891759
concerning,-8.21338173703
republicans,-7.11476944837
action‚Äù,-8.90652891759
search,-8.90652891759
craft,-8.90652891759
https://t.co/2h8mvu16yx,-8.90652891759
personally,-8.90652891759
worked,-8.50106380949
haters,-8.21338173703
spin,-8.90652891759
play,-8.50106380949
save,-8.50106380949
presidency,-8.21338173703
dissect,-8.50106380949
https://t.co/fjppavmluz,-8.90652891759
https://t.co/f84wz5lves,-8.90652891759
lesser,-8.90652891759
near,-8.50106380949
abuts,-8.90652891759
https://t.co/jjgaijxlrt,-8.90652891759
voice,-8.90652891759
flooding,-8.50106380949
papers),-8.90652891759
mistake,-8.50106380949
https://t.co/a4rxd1bsvn,-8.90652891759
shouldn‚Äôt,-8.90652891759
played,-8.50106380949
ÿ¥ÿØŸá,-8.90652891759
https://t.co/nay9xoxb12,-8.90652891759
fakes,-8.90652891759
fiorina,-8.90652891759
player,-8.90652891759
writes,-8.50106380949
experts,-8.90652891759
shifty‚Äôs,-8.90652891759
victims,-8.50106380949
@aptiv,-8.90652891759
expedited,-8.90652891759
‚Äúus‚Äù,-8.90652891759
gianno,-8.90652891759
grown,-8.50106380949
memorial,-8.50106380949
come‚Äô,-8.90652891759
prior,-8.90652891759
@petehegseth,-8.90652891759
things,-7.03472674069
make,-6.38080027329
jerry,-8.21338173703
beside,-8.90652891759
complex,-8.50106380949
potentially,-8.90652891759
damages,-8.90652891759
sheet.....,-8.90652891759
watchers‚Äù,-8.90652891759
i‚Äôve,-8.50106380949
liberal,-8.90652891759
couple,-8.50106380949
european,-7.99023818572
fairly,-8.50106380949
raid,-8.90652891759
https://t.co/gj32a6pows,-8.90652891759
governors,-8.50106380949
hand,-7.99023818572
devalued,-8.21338173703
advisers,-8.90652891759
groundbreaking,-8.90652891759
opportunity,-8.21338173703
tune,-8.90652891759
mentioning,-8.90652891759
two.....,-8.90652891759
charlie,-8.90652891759
failing,-8.21338173703
game,-8.50106380949
hispanic,-8.50106380949
https://t.co/c3fqnrpjwr,-8.90652891759
greatest,-7.6537659491
incapable,-8.90652891759
quantitative,-7.52023455647
alabama,-7.99023818572
....amounts,-8.90652891759
left,-7.03472674069
leagues,-8.90652891759
just,-5.6293841846
unemployment,-7.6537659491
come....,-8.90652891759
mills,-8.90652891759
warmest,-8.50106380949
sleepy,-7.99023818572
unfair,-8.50106380949
rates...,-8.90652891759
fighters,-8.50106380949
thanks,-8.90652891759
human,-7.6537659491
https://t.co/fcvutwa33j,-8.90652891759
only......,-8.90652891759
previous,-8.90652891759
https://t.co/jzla4vwxaz,-8.90652891759
adding,-8.90652891759
2-Jan,-8.90652891759
https://t.co/ia87a0seue,-8.90652891759
has.....,-8.90652891759
coatesville,-8.90652891759
cherry,-8.90652891759
josh,-8.90652891759
board,-8.90652891759
easy,-8.50106380949
east,-8.50106380949
gave,-8.90652891759
@nytimes,-8.90652891759
duty‚Äù,-8.90652891759
https://t.co/rccxfhuwp3,-8.90652891759
pelosi‚Äôs,-8.90652891759
possible,-7.40245152082
rallies.‚Äù,-8.90652891759
‚Äúhurt.‚Äù,-8.50106380949
life.‚Äù,-8.90652891759
https://t.co/zsmnftjedr,-8.90652891759
https://t.co/bqdb7dfx8p,-8.90652891759
is.....,-8.90652891759
judge,-8.50106380949
apart,-8.50106380949
‚Äúfbi‚Äôs,-8.90652891759
@fema,-8.21338173703
advanced,-8.90652891759
disadvantage,-8.50106380949
https://t.co/zksrmhsbhw,-8.90652891759
hunt,-6.6039438246
dishonest,-8.21338173703
alice,-8.90652891759
wrong.‚Äù,-8.90652891759
‚Äúwe‚Äôre,-8.90652891759
w.h.,-8.90652891759
night,-7.20178082536
(even,-8.90652891759
security,-6.70930434026
#⁄ÜŸáŸÑ_ÿ≥ÿßŸÑ_ÿ¥⁄©ÿ≥ÿ™,-8.90652891759
attorney,-7.6537659491
right,-6.82708737591
honored,-8.90652891759
squander,-8.90652891759
deal,-6.70930434026
people,-5.59234291292
orlando,-8.50106380949
....during,-8.90652891759
dead,-8.21338173703
harder),-8.90652891759
donald,-7.80791662893
dorian,-8.50106380949
election,-7.03472674069
@repdougcollins,-8.90652891759
win.‚Äù,-8.90652891759
harassment,-7.99023818572
republic.‚Äù,-8.90652891759
enemies,-8.90652891759
denies,-8.90652891759
https://t.co/hym9zathjt,-8.90652891759
glove,-8.90652891759
https://t.co/0dtxsagkz1,-8.90652891759
fourth,-8.90652891759
@marklevinshow,-8.50106380949
phenomenal,-8.90652891759
opposite,-8.50106380949
mazloum,-8.90652891759
everything,-7.52023455647
asking,-8.50106380949
denied,-8.90652891759
unstable,-8.90652891759
beating,-8.90652891759
friedman,-8.50106380949
states.,-8.90652891759
deleted,-8.90652891759
corn,-8.90652891759
style,-8.90652891759
decisions,-8.90652891759
vindicated‚Äù,-8.90652891759
cheating,-8.90652891759
create...,-8.90652891759
post,-7.6537659491
manufacturing,-8.21338173703
super,-8.90652891759
endorsing,-8.90652891759
census,-8.90652891759
ÿ≥ÿßŸÑ,-8.21338173703
intentions,-8.90652891759
attacks,-8.50106380949
dollars,-6.96061876854
months,-8.21338173703
(gps,-8.90652891759
....misrepresenting,-8.90652891759
plus,-7.99023818572
afternoon,-8.21338173703
‚Äúbedbug.‚Äù,-8.90652891759
definition,-8.90652891759
elmendorf-richardson,-8.90652891759
sooo,-8.90652891759
nixon,-8.90652891759
statements,-8.90652891759
lied,-7.80791662893
presence,-8.90652891759
petroleum,-8.90652891759
prisoners,-8.90652891759
https://t.co/afnwwillca,-8.90652891759
intellectual,-8.90652891759
arms,-8.90652891759
down,-6.82708737591
advantage...and,-8.90652891759
accomplishments,-8.50106380949
donated,-8.90652891759
dean,-8.50106380949
(old,-8.90652891759
rounds,-8.90652891759
.@repcummings,-8.90652891759
crowd,-7.6537659491
transcript,-7.52023455647
support,-7.29709100516
legislation,-8.50106380949
powerhouse,-8.90652891759
fight,-7.40245152082
stuck,-8.21338173703
joseph,-8.90652891759
....also,-8.90652891759
o‚Äôbrien,-8.90652891759
jane,-8.90652891759
https://t.co/muc2kzfzon,-8.90652891759
fairytale.‚Äù,-8.50106380949
lowest,-7.99023818572
....it,-8.90652891759
head,-8.21338173703
https://t.co/i6vsodiqqp,-8.90652891759
form,-8.90652891759
manufacturers,-8.21338173703
attempted,-8.21338173703
becoming,-8.21338173703
fireworks,-8.90652891759
ford,-8.50106380949
(@kusinews),-8.90652891759
https://t.co/rmgipgnudz,-8.90652891759
4‚Äôs,-8.50106380949
hear,-8.21338173703
(few,-8.90652891759
....alternative,-8.90652891759
....in,-8.21338173703
mouthed,-8.50106380949
counsel,-8.21338173703
responding,-8.90652891759
isis,-7.6537659491
prevents,-8.90652891759
inside,-8.90652891759
staged,-8.90652891759
....partner,-8.90652891759
do-over,-8.90652891759
overruled,-8.90652891759
@ainsleyearhardt,-8.21338173703
unanimous,-8.90652891759
of......,-8.90652891759
propaganda,-8.90652891759
accelerate,-8.90652891759
https://t.co/sifmkn7hdz,-8.90652891759
later,-8.90652891759
disgrace,-8.21338173703
https://t.co/paeovcuqwn,-8.90652891759
lowering,-8.50106380949
request,-7.99023818572
proven,-8.90652891759
evidence,-8.50106380949
(later,-8.90652891759
https://t.co/gy34y0oeas,-8.90652891759
exist,-8.21338173703
promised,-8.90652891759
fashioned,-8.90652891759
https://t.co/whupwretyk,-8.90652891759
trip,-8.50106380949
negotiations,-7.99023818572
statement.the,-8.90652891759
dying,-8.50106380949
daca,-7.52023455647
when,-6.16568889367
handed,-8.90652891759
reality,-8.21338173703
power,-7.80791662893
border),-8.90652891759
‚Äúyesterday,-8.90652891759
‚Äúcomposed‚Äù,-8.90652891759
jong,-7.99023818572
holding,-7.99023818572
test,-8.90652891759
developers,-8.90652891759
company,-7.80791662893
realize,-8.90652891759
picture,-8.50106380949
"$100,-8.90652891759
rollins,-8.90652891759
piece‚Äù,-8.90652891759
phony,-8.50106380949
fell,-8.90652891759
potential.#worldautismawarenessday,-8.90652891759
....years,-8.90652891759
weekend,-7.99023818572
stops,-8.90652891759
billion,-7.11476944837
mathew,-8.50106380949
@httweets,-8.90652891759
regime,-8.90652891759
longer,-7.80791662893
apology,-8.90652891759
landed,-8.90652891759
together,-6.96061876854
withhold,-8.90652891759
vietnam,-8.90652891759
....while,-8.90652891759
time,-6.23238026817
serious,-8.90652891759
crazy‚Äù,-8.90652891759
treading,-8.90652891759
decision,-7.52023455647
clapper,-8.90652891759
....kurds,-8.90652891759
china.‚Äù,-8.90652891759
realclearpolitics,-8.90652891759
focus,-7.99023818572
mcgahn,-8.90652891759
belittling,-8.50106380949
grateful,-8.90652891759
chair,-8.90652891759
devoted,-8.90652891759
supposedly,-8.90652891759
hold,-8.90652891759
william,-8.90652891759
zone,-8.50106380949
caldwell,-8.90652891759
china.....,-8.90652891759
disgusting,-8.90652891759
passage,-8.90652891759
charge,-8.50106380949
sotu,-8.90652891759
promoting,-8.90652891759
weakening,-8.90652891759
(captures)at,-8.90652891759
brown,-8.50106380949
advantage,-8.50106380949
....other,-8.90652891759
refinance,-8.90652891759
none,-8.90652891759
seemingly,-8.50106380949
choice,-8.50106380949
mourn,-8.50106380949
anonymous,-8.90652891759
join,-8.90652891759
granted‚Äù,-8.90652891759
blast,-8.90652891759
exact,-8.21338173703
room,-8.90652891759
https://t.co/3tukvpjpzn,-8.90652891759
trump‚Äù,-8.21338173703
turns,-8.90652891759
000)",-8.50106380949
hawaii,-8.90652891759
standards,-8.90652891759
https://t.co/3soeejsma3,-8.90652891759
soooo,-8.50106380949
team,-7.99023818572
quick,-8.90652891759
round,-8.50106380949
....thank,-8.90652891759
brave,-8.90652891759
https://t.co/vm3vv2f9jf,-8.90652891759
meadow,-8.90652891759
findings,-8.90652891759
obrador,-8.90652891759
dealing,-8.21338173703
‚Äúusmca,-8.90652891759
cyber,-8.90652891759
sign,-7.99023818572
cost,-7.6537659491
states....,-8.90652891759
clearing,-8.90652891759
forging,-8.90652891759
@secazar,-8.90652891759
(spell),-8.90652891759
wheedled,-8.90652891759
https://t.co/cgugeixnod,-8.90652891759
stands,-7.80791662893
assistance,-8.50106380949
@teamcavuto,-8.90652891759
pleased,-7.80791662893
current,-7.99023818572
kiriakou,-8.90652891759
kavanaugh,-8.90652891759
goes,-8.50106380949
‚Äúnot,-8.90652891759
https://t.co/ty8as4sygy,-8.90652891759
satisfy,-8.50106380949
way-so,-8.90652891759
inauguration,-8.90652891759
french,-8.90652891759
understanding,-8.50106380949
knocked,-8.90652891759
baseball,-8.90652891759
address,-8.50106380949
alone,-8.90652891759
along,-7.40245152082
very.....,-8.90652891759
change,-7.52023455647
wait,-8.90652891759
@wef,-8.90652891759
maguire,-8.50106380949
intelligence),-8.90652891759
guilty,-8.90652891759
brazilian,-8.90652891759
ineffective,-8.90652891759
franklin,-8.90652891759
kemp,-8.90652891759
patriotic,-8.90652891759
....think,-8.50106380949
conveniently,-8.90652891759
https://t.co/x8lyve7qco,-8.90652891759
https://t.co/nrtixu9zna,-8.90652891759
....information,-8.90652891759
(judge,-8.90652891759
russia....,-8.90652891759
shootings,-8.90652891759
love,-7.80791662893
hostages,-8.50106380949
https://t.co/74z0n2icua,-8.90652891759
purchases,-8.90652891759
(obama),-8.90652891759
patriots,-8.90652891759
fake,-5.74952849644
fool,-8.50106380949
scam,-7.52023455647
(choice),-8.90652891759
market,-7.6537659491
everybody,-8.90652891759
opposes,-8.90652891759
https://t.co/0sfbvmjr7f,-8.90652891759
wealth,-8.50106380949
working,-6.7664627541
sake,-8.90652891759
think....,-8.90652891759
angry,-7.80791662893
visit,-7.99023818572
ayatollah,-8.90652891759
france,-7.80791662893
scenarios,-8.50106380949
cherished,-8.90652891759
andy,-8.90652891759
@abcnews,-8.90652891759
wanting,-8.90652891759
tape,-8.90652891759
today,-6.34157956013
loving,-8.90652891759
commissioner,-8.90652891759
pre-witch,-8.90652891759
one.‚Äù,-8.90652891759
sessions,-8.90652891759
acceptable,-8.90652891759
envelope,-8.90652891759
clue,-7.99023818572
9:00,-8.50106380949
effort,-8.90652891759
behalf,-8.21338173703
‚Äústocks,-8.90652891759
biden,-7.6537659491
reform...,-8.90652891759
originally,-8.50106380949
pretend,-8.90652891759
soul,-8.90652891759
https://t.co/6lopqqektp,-8.90652891759
believes,-8.50106380949
nation‚Äôs,-8.50106380949
judy,-8.90652891759
values,-8.90652891759
congressional,-8.21338173703
isn‚Äôt,-7.6537659491
making,-7.29709100516
@freebeacon,-8.90652891759
heart,-7.99023818572
crazy,-8.21338173703
trump,-5.91079664404
incessantly,-8.90652891759
pauses,-8.90652891759
spies,-8.90652891759
agent,-8.90652891759
heard,-8.50106380949
collusion.‚Äù,-8.90652891759
dropped,-8.50106380949
allowed,-7.29709100516
https://t.co/osn6amjzo4,-8.90652891759
offense,-8.90652891759
productive,-8.90652891759
fuming,-8.90652891759
secured,-7.80791662893
@rudygiuliani,-8.90652891759
write,-8.90652891759
sunday,-8.50106380949
7:00,-8.50106380949
#nationalautismawarenessmonth,-8.90652891759
ardern,-8.90652891759
pure,-8.50106380949
endorsement,-7.80791662893
ensure,-8.90652891759
‚Äúsalute,-8.90652891759
sworn,-8.50106380949
dope,-8.90652891759
t-shirts,-8.90652891759
economy,-6.38080027329
product,-7.80791662893
https://t.co/nkmqchqfcz,-8.90652891759
sacrifice,-8.90652891759
southern,-6.7664627541
https://t.co/vrivsuldi3,-8.90652891759
deniers.‚Äù,-8.90652891759
crashed,-8.90652891759
membership,-8.90652891759
birthday,-8.50106380949
bear,-8.90652891759
https://t.co/ikxdrqmhfv,-8.90652891759
date,-8.90652891759
such,-7.03472674069
heroes,-8.21338173703
truly,-7.99023818572
revealed,-8.50106380949
renovation,-8.50106380949
https://t.co/vgpoeleesm,-8.90652891759
remember,-8.50106380949
johnson,-8.90652891759
whenever,-8.90652891759
maybe,-8.50106380949
carriers,-8.90652891759
explicit,-8.90652891759
short.....,-8.90652891759
inform,-7.99023818572
ones,-8.90652891759
jail,-8.90652891759
african,-8.21338173703
talk,-7.52023455647
forced,-8.90652891759
serving,-8.90652891759
indeed,-8.50106380949
years,-6.10316853669
ended,-7.80791662893
statistical,-8.90652891759
cuts,-7.80791662893
still,-7.80791662893
of‚Ä¶unless,-8.90652891759
police,-7.80791662893
thank,-5.53923308761
acknowledge,-8.50106380949
interesting,-8.21338173703
#fakenews,-8.50106380949
facility,-8.90652891759
stupidity,-8.90652891759
inflicted,-8.90652891759
doonbeg,-8.50106380949
‚Äúnegotiate‚Äù,-8.90652891759
farmer,-8.90652891759
policy,-8.90652891759
to-be-determined,-8.90652891759
msnbc,-8.90652891759
endless,-7.99023818572
decades,-8.21338173703
texas,-7.99023818572
happened,-7.80791662893
‚Äúanywhere.‚Äù,-8.90652891759
thereby,-8.90652891759
civilian,-8.90652891759
devastated,-8.50106380949
killer,-8.50106380949
nation,-7.99023818572
retrain,-8.90652891759
lunch,-8.90652891759
taliban,-7.99023818572
awaited,-8.90652891759
wealthy,-8.50106380949
arriving,-8.90652891759
https://t.co/idyxqmdspq,-8.90652891759
killed,-8.50106380949
....trump,-8.90652891759
term,-8.21338173703
name,-8.21338173703
lies,-7.99023818572
james,-7.99023818572
@judgejeanine,-7.99023818572
(fake),-8.90652891759
https://t.co/uv8xgzpshu,-8.90652891759
soon.,-8.90652891759
impeachable,-8.90652891759
suspends,-8.90652891759
importation,-8.90652891759
entirely,-8.90652891759
trump‚Äôs,-7.99023818572
https://t.co/ft2erbvpf6,-8.90652891759
@katiepavlich,-8.50106380949
honduras,-8.90652891759
fired,-8.21338173703
latin,-8.90652891759
mueller,-6.13394019535
publishers,-8.90652891759
beloved,-8.90652891759
indianapolis,-8.90652891759
borrow,-8.90652891759
contributor,-8.90652891759
jews...‚Äù,-8.90652891759
https://t.co/rzx3zjxzga,-8.90652891759
begun,-8.50106380949
year,-7.40245152082
happen,-7.40245152082
teams,-7.99023818572
canada,-8.90652891759
ultimately,-8.90652891759
thursday‚Äôs,-8.90652891759
opened,-8.90652891759
space,-8.90652891759
‚Äúgo,-8.90652891759
@pagop,-8.90652891759
increase,-8.90652891759
investigation,-8.50106380949
pamela,-8.90652891759
suspended,-8.90652891759
correct,-8.21338173703
shows,-8.21338173703
rebuilding,-8.50106380949
wasn‚Äôt,-7.6537659491
siege,-8.90652891759
million,-8.50106380949
pumping,-8.90652891759
brooks,-8.90652891759
you.‚Äù,-8.90652891759
‚Äúgreat,-8.90652891759
(crimes,-8.90652891759
pled,-8.90652891759
california,-8.21338173703
besides,-8.90652891759
ohio,-8.90652891759
spied,-8.90652891759
obligation,-8.90652891759
inevitable,-8.90652891759
care,-7.99023818572
advance,-8.90652891759
@govricketts,-8.90652891759
(our,-8.90652891759
a.g.),-8.90652891759
100%,-7.80791662893
u.s.-poland,-8.90652891759
bolsonaro,-8.90652891759
british,-8.90652891759
honest,-8.90652891759
motion,-8.90652891759
thing,-7.52023455647
lindsey,-8.90652891759
place,-7.99023818572
massive,-8.50106380949
idlib,-8.90652891759
think,-6.7664627541
first,-6.89162589705
fleeing,-8.90652891759
plan.‚Äù,-8.90652891759
question,-8.90652891759
@nextrevfnc,-8.90652891759
opec,-8.90652891759
https://t.co/h59q1ul64g,-8.90652891759
americans,-7.20178082536
long,-7.11476944837
directly,-8.90652891759
invasion,-8.90652891759
vote,-7.11476944837
populated‚Äù,-8.90652891759
sounds,-8.50106380949
ways,-8.50106380949
open,-7.80791662893
tomorrow,-7.40245152082
millions,-7.52023455647
upended.‚Äù,-8.90652891759
given,-7.52023455647
@tuckercarlson,-7.99023818572
district,-8.90652891759
caught,-8.90652891759
bahamas,-8.21338173703
tell,-7.99023818572
alfred,-8.90652891759
https://t.co/ygximlvoyd,-8.90652891759
legally,-8.90652891759
white,-6.96061876854
anguilla,-8.50106380949
frame,-8.90652891759
friend,-7.6537659491
gives,-8.21338173703
mostly,-8.21338173703
that,-4.3685674813
pittsburgh,-8.90652891759
memo,-8.90652891759
greatness,-8.50106380949
yoes,-8.90652891759
subpoenas,-8.90652891759
released,-7.52023455647
hillary,-7.03472674069
ridiculous,-6.96061876854
@cbp,-8.90652891759
thad,-8.50106380949
seat,-8.90652891759
than,-5.91079664404
biden.‚Äù,-8.90652891759
wide,-8.90652891759
television,-8.50106380949
effective,-8.90652891759
accordance,-8.90652891759
https://t.co/jjfkywyigw,-8.90652891759
‚Äúgreat‚Äù,-8.90652891759
diplomatic,-8.90652891759
https://t.co/kw9ogcrzrt,-8.90652891759
10:00,-8.90652891759
future,-7.99023818572
venture,-8.90652891759
were,-6.55515366043
....mainstream,-8.90652891759
happy,-7.40245152082
oath,-8.50106380949
russia,-7.6537659491
prospect,-8.90652891759
unsubstantiated,-8.50106380949
unfairly,-8.50106380949
correction,-8.90652891759
premier,-8.50106380949
turned,-8.50106380949
locations,-8.90652891759
(and,-7.99023818572
conspiracy,-8.90652891759
rent,-8.90652891759
anger,-8.90652891759
breakfast,-8.90652891759
recover,-8.50106380949
kevin,-7.80791662893
prosperity,-8.21338173703
offering,-8.90652891759
there‚Äôs,-8.50106380949
ideas,-8.90652891759
equipment,-8.90652891759
potential,-7.40245152082
transcribed,-8.90652891759
take,-7.11476944837
man.‚Äù,-8.90652891759
destroy,-8.50106380949
europeans,-8.90652891759
....talks,-8.90652891759
https://t.co/p9d1bpapsd,-8.90652891759
whistleblower‚Äôs,-8.21338173703
begin,-8.50106380949
hoover,-8.90652891759
pain,-8.90652891759
giuseppe,-8.90652891759
ukrainian,-7.40245152082
price,-8.50106380949
knew,-7.6537659491
paid,-7.6537659491
falls,-8.90652891759
assault,-8.90652891759
importantly,-8.50106380949
printed,-8.90652891759
fraudulently,-8.21338173703
remarks,-8.90652891759
america,-6.65523711899
beto,-8.90652891759
pages,-8.50106380949
t-shirt,-8.90652891759
forever,-8.21338173703
especially,-7.40245152082
https://t.co/vfzwvhyiru,-8.90652891759
day).‚Äù,-8.90652891759
proud,-8.21338173703
sale,-8.21338173703
crooked,-7.20178082536
trafficking,-7.99023818572
cortez,-8.90652891759
professional,-8.90652891759
senior,-8.90652891759
nightmare,-8.90652891759
laws,-7.99023818572
uninterested,-8.90652891759
rating,-8.90652891759
maxine,-8.90652891759
shot,-8.90652891759
melania,-8.90652891759
https://t.co/hwmn7znud3,-8.90652891759
show,-7.52023455647
merit,-8.90652891759
commitments,-8.90652891759
https://t.co/7ud0wlyo4g,-8.90652891759
bright,-8.90652891759
‚Äúthe,-6.65523711899
‚Äúbernie‚Äù,-8.90652891759
trump),-8.90652891759
crashing,-8.90652891759
cancelling,-8.90652891759
slow,-8.90652891759
gulf,-8.90652891759
proclamation,-8.90652891759
storms,-8.21338173703
written,-8.50106380949
crime,-7.11476944837
dirtiest,-8.90652891759
only,-6.38080027329
going,-6.42162226781
black,-8.90652891759
treasury,-8.90652891759
awareness,-8.90652891759
carolina,-7.20178082536
usual),-8.90652891759
exaggeration,-8.90652891759
hostage,-8.90652891759
distinguished....,-8.90652891759
https://t.co/jwkwylpdio,-8.90652891759
congratulations,-7.03472674069
https://t.co/ny429utvun,-8.90652891759
cannot,-8.90652891759
outlet,-8.90652891759
let......,-8.90652891759
@abc,-8.90652891759
brit,-8.90652891759
celebrate,-8.50106380949
re-election.‚Äù,-8.90652891759
prime,-7.40245152082
regarding,-8.90652891759
bestselling,-8.90652891759
resorts,-8.90652891759
people‚Äôs,-8.90652891759
seldom,-8.90652891759
@dhsgov,-8.50106380949
yield,-8.90652891759
morning,-7.99023818572
@grahamledger,-8.50106380949
miles,-8.90652891759
predicted,-8.50106380949
scott,-8.50106380949
where,-6.96061876854
husband,-8.90652891759
crystal,-8.90652891759
declared,-8.90652891759
‚Äúpuff,-8.90652891759
‚Äúwhat,-8.90652891759
imposing,-8.90652891759
nominees.‚Äù,-8.90652891759
minister....,-8.90652891759
closed.‚Äù,-8.90652891759
relative,-8.90652891759
elected,-7.99023818572
this..,-8.90652891759
existence,-8.90652891759
apologies,-8.90652891759
(don‚Äôt),-8.90652891759
sport,-8.90652891759
(like,-8.90652891759
job),-8.90652891759
wonder,-8.50106380949
cadets,-8.90652891759
decided,-8.90652891759
knowing,-8.50106380949
@byronyork,-8.50106380949
farmers,-7.11476944837
federal,-7.03472674069
very..,-8.90652891759
review,-8.50106380949
8:30am,-8.90652891759
representatives,-8.90652891759
they.......,-8.90652891759
weapons,-8.50106380949
outside,-8.90652891759
between,-7.99023818572
reading,-8.90652891759
across,-7.99023818572
affordable,-8.90652891759
admirably,-8.90652891759
infrastructure,-8.50106380949
jobs,-7.03472674069
august,-8.90652891759
bump,-8.90652891759
https://t.co/elj7rofm2p,-8.90652891759
killing,-8.21338173703
elijah,-8.90652891759
hurts,-8.90652891759
article,-8.90652891759
cities,-8.90652891759
come,-7.11476944837
https://t.co/htngioh6t1,-8.90652891759
to.....,-8.50106380949
reaction,-8.90652891759
talented,-8.90652891759
many,-5.88610403145
region,-8.90652891759
counterterrorism,-8.90652891759
https://t.co/wx0o8gaimc,-8.90652891759
@loudobbs,-7.40245152082
https://t.co/5nvh5at2fw,-8.90652891759
loudly,-8.90652891759
comey,-7.6537659491
disappointment,-8.90652891759
https://t.co/xbr7xvgarc,-8.90652891759
senator,-7.80791662893
nearby,-8.90652891759
among,-7.99023818572
@hyundai,-8.90652891759
pols,-8.50106380949
6:30,-8.90652891759
https://t.co/kj1ltwysxa,-8.90652891759
mandate,-8.90652891759
@spoxdhs,-8.90652891759
@drudge_report,-8.90652891759
mccain,-8.50106380949
ordered,-8.90652891759
poll,-7.52023455647
‚Äútrump‚Äù,-8.50106380949
turkey,-7.20178082536
destroyed,-8.90652891759
capable,-8.90652891759
west,-8.50106380949
recaptured,-8.90652891759
informed,-8.50106380949
airlines,-8.90652891759
mark,-7.6537659491
needlessly,-8.90652891759
mars,-8.90652891759
gone.....,-8.90652891759
borders,-7.80791662893
wants,-7.80791662893
direction,-8.90652891759
offered,-8.50106380949
andrew,-7.99023818572
dangerous,-7.52023455647
‚Äúfrustrated.‚Äù,-8.90652891759
dramatic,-8.90652891759
https://t.co/ahz6klliac,-8.90652891759
minister,-7.52023455647
declaration,-8.90652891759
@devinnunes,-8.90652891759
careful,-8.21338173703
former,-7.6537659491
those,-7.6537659491
paying,-7.40245152082
myself,-7.99023818572
.@judgejeanine,-8.90652891759
these,-6.89162589705
tribal,-8.90652891759
polls,-8.50106380949
cash,-8.90652891759
https://t.co/j60jgsfhcx,-8.90652891759
ongoing,-8.90652891759
policies,-8.21338173703
cancelled,-8.90652891759
investigating,-8.50106380949
margin,-8.90652891759
program,-8.21338173703
shepard,-8.90652891759
coupled,-8.90652891759
sincere,-8.90652891759
engaged,-8.50106380949
telephone,-8.90652891759
ap-norc,-8.90652891759
middle,-8.21338173703
elect,-8.90652891759
evening,-7.99023818572
year-round,-8.90652891759
iowa,-8.50106380949
different,-7.80791662893
develop,-8.90652891759
media,-6.10316853669
granted,-8.90652891759
reminded,-8.90652891759
same,-7.52023455647
quagmire,-8.90652891759
(why,-8.90652891759
schiff..,-8.90652891759
speech,-8.90652891759
liberalism,-8.90652891759
buys,-8.50106380949
#mlkday,-8.90652891759
america.‚Äù,-8.21338173703
document,-8.90652891759
events,-7.99023818572
week,-8.50106380949
finish,-8.50106380949
....the,-7.6537659491
remake,-8.50106380949
https://t.co/xllpninobv,-8.90652891759
director,-7.52023455647
running,-8.21338173703
https://t.co/niwkdbgva9,-8.90652891759
changing,-8.50106380949
alligators,-8.90652891759
totally,-7.20178082536
tradition,-8.90652891759
down.‚Äù,-8.90652891759
drain,-8.90652891759
pennsylvania,-7.80791662893
constitutional,-8.90652891759
....different,-8.90652891759
accountable,-8.90652891759
without,-7.52023455647
relief,-7.99023818572
easing,-8.50106380949
charged,-8.50106380949
@nypost,-8.90652891759
malicious,-8.90652891759
gangs,-8.90652891759
being,-5.83847598246
money,-6.70930434026
unconstitutional,-8.90652891759
rest,-8.50106380949
https://t.co/fbu7yysyyi,-8.90652891759
violent,-8.50106380949
kill,-8.50106380949
‚Äúchaotic,-8.90652891759
border‚Äù,-8.90652891759
speed,-8.90652891759
captured,-8.50106380949
@jiminhofe,-8.90652891759
blow,-8.90652891759
announcement,-8.90652891759
death,-8.50106380949
deceiving,-8.90652891759
athletic,-8.90652891759
flood,-8.90652891759
thinking,-8.90652891759
seems,-8.50106380949
except,-8.50106380949
smugglers,-8.90652891759
it‚Äôs,-7.03472674069
drugs),-8.90652891759
setting,-8.50106380949
treatment,-8.90652891759
republic,-8.90652891759
(based,-8.90652891759
real,-7.52023455647
yet....,-8.90652891759
starving,-8.90652891759
jake,-8.90652891759
around,-7.20178082536
desperately,-7.99023818572
read,-6.89162589705
staff...,-8.90652891759
early,-8.90652891759
#salutetoamericaüá∫üá∏,-8.90652891759
inflation,-7.6537659491
grid,-8.90652891759
unlawful.‚Äù,-8.90652891759
listening,-8.50106380949
world,-7.11476944837
dare,-8.90652891759
ruled,-8.50106380949
danny‚Äôs,-8.90652891759
fortune,-8.90652891759
intel,-8.90652891759
kennedy,-8.90652891759
patrick,-8.90652891759
#kag2020,-7.99023818572
trumpers,-8.50106380949
server,-8.90652891759
chamber,-8.90652891759
benefit,-7.99023818572
either,-7.80791662893
fully,-7.80791662893
resolved,-8.90652891759
served,-8.90652891759
‚Äútalk.‚Äù,-8.90652891759
mcaleenan,-8.90652891759
‚Äúimmigration,-8.90652891759
golsteyn,-8.90652891759
obstruct,-8.90652891759
again‚Äù,-8.90652891759
laugh,-8.90652891759
subsidize,-8.90652891759
ÿ±ŸÜÿ¨ŸÜÿØ,-8.90652891759
competition,-8.90652891759
michigan,-8.90652891759
kurds.‚Äù,-8.90652891759
demeaning,-8.50106380949
‚Äúinformant,-8.90652891759
matching,-8.90652891759
booming,-8.21338173703
provided,-8.50106380949
somebody,-8.90652891759
done.,-8.90652891759
illustrated,-8.90652891759
courses,-8.90652891759
(plusplus),-8.90652891759
legal,-8.50106380949
moon,-8.90652891759
quitting,-8.90652891759
restoring,-8.90652891759
#nc03,-8.90652891759
biased,-8.90652891759
business,-8.21338173703
#nc09,-8.90652891759
outreach,-8.90652891759
broken,-8.90652891759
leadership,-8.90652891759
terrified,-8.90652891759
exciting,-8.90652891759
ducking,-8.90652891759
comparison,-8.90652891759
hicks,-8.90652891759
media.‚Äù,-8.90652891759
island,-8.90652891759
industry,-8.50106380949
discussed,-8.21338173703
addition,-8.21338173703
escalating,-8.90652891759
stand,-8.50106380949
testimony,-7.80791662893
tariffs,-6.70930434026
luck,-8.90652891759
road,-8.90652891759
(aoc),-8.90652891759
dagger,-8.50106380949
....asking,-8.90652891759
https://t.co/vmgyggoq3q,-8.90652891759
thought.‚Äù,-8.90652891759
stuffed,-8.90652891759
https://t.co/s34q0ny6ju,-8.90652891759
apologize,-8.90652891759
312000,-8.90652891759
accumulated,-8.90652891759
happening,-8.90652891759
‚Äúheavily,-8.90652891759
your,-6.65523711899
tropical,-8.90652891759
‚Äúpress‚Äù,-8.90652891759
schiffty,-8.90652891759
area,-8.90652891759
there,-6.0161571597
@nasa,-8.90652891759
start,-7.6537659491
racist,-8.90652891759
appeal,-8.90652891759
starr,-8.90652891759
https://t.co/ddvwjm95ip,-8.90652891759
decisive,-8.90652891759
complete,-7.52023455647
sadique,-8.90652891759
smuggling,-8.90652891759
sophisticated,-8.90652891759
‚Äúsacred,-8.90652891759
hurricanes,-8.90652891759
technologies,-8.90652891759
trying,-7.29709100516
with,-4.62294235573
rebuilt,-8.90652891759
buying,-8.90652891759
faster,-7.99023818572
abused,-8.90652891759
hoax.‚Äù,-8.90652891759
rush,-8.90652891759
fraud,-7.6537659491
fabricate,-8.50106380949
https://t.co/wpjj3yaaru,-8.90652891759
drills,-8.90652891759
(@thebig_easy),-8.90652891759
dirty,-8.90652891759
manuel,-8.90652891759
politically,-8.90652891759
....facts,-8.90652891759
agree,-7.99023818572
strongly,-8.21338173703
gone,-7.6537659491
#maga,-7.80791662893
rapids,-8.90652891759
certain,-8.21338173703
somewhat....,-8.50106380949
minneapolis,-8.50106380949
general,-7.52023455647
substantially,-8.90652891759
leaker,-8.90652891759
‚Äòmassive,-8.90652891759
watched,-8.21338173703
bishop,-8.21338173703
fill,-8.90652891759
incorrect,-8.90652891759
again,-7.11476944837
ideally,-8.90652891759
tlaib,-8.90652891759
credibility,-7.80791662893
field,-8.90652891759
Ôªødummy,-8.90652891759
astronaut,-8.90652891759
terrify,-8.90652891759
fools,-8.90652891759
puppy,-8.90652891759
@wsjopinion,-8.90652891759
https://t.co/lwc2ns2mqt,-8.90652891759
jacinda,-8.90652891759
congress,-6.38080027329
students,-8.90652891759
contradicted,-8.90652891759
includes,-8.90652891759
chin‚Äù,-8.90652891759
fusion),-8.90652891759
important,-7.29709100516
coverage,-8.90652891759
chris,-8.90652891759
decorated,-8.90652891759
pelosi,-7.52023455647
building,-7.6537659491
aren‚Äôt,-8.90652891759
reserve.‚Äù,-8.90652891759
calls,-8.90652891759
wife,-8.50106380949
odds,-8.90652891759
‚Äútrump-russia,-8.90652891759
curve,-8.90652891759
https://t.co/oda4sqxuyf,-8.90652891759
fraudulent,-8.90652891759
adam,-7.40245152082
missouri,-8.90652891759
wake,-8.90652891759
overseas,-8.90652891759
mean,-8.90652891759
original,-8.50106380949
gaslight,-8.90652891759
represent,-8.90652891759
fed‚Äôs,-8.90652891759
forget,-8.21338173703
chinese,-7.99023818572
grassroots,-8.90652891759
lack,-8.50106380949
dollar,-6.96061876854
projected,-8.90652891759
.....,-8.90652891759
upholds,-8.90652891759
infusion,-8.90652891759
fairness,-8.90652891759
talks,-8.21338173703
religious,-8.90652891759
@kevinolearytv,-8.90652891759
jessie,-8.90652891759
sleazebag,-8.90652891759
schiff,-6.89162589705
thursday,-8.50106380949
laughing,-8.90652891759
pricing,-8.90652891759
they‚Äôre,-7.80791662893
about....,-8.90652891759
https://t.co/zjmmvd1t4z,-8.90652891759
https://t.co/6s07ep4idr,-8.90652891759
midwest,-8.90652891759
mccarthy‚Äôs,-8.90652891759
sound,-8.90652891759
airport,-8.90652891759
global,-8.90652891759
worse,-7.29709100516
returning,-8.90652891759
very,-5.11103972842
detention,-8.90652891759
resistance,-8.50106380949
border‚Äù),-8.90652891759
sloan,-8.90652891759
worst,-8.50106380949
fall,-8.90652891759
ticket,-8.50106380949
difference,-8.90652891759
....a,-8.90652891759
condition,-8.90652891759
leads,-8.90652891759
where‚Äôs,-8.90652891759
dictatorship,-8.90652891759
@tsa,-8.90652891759
louis,-8.90652891759
https://t.co/hki6su3hsr,-8.90652891759
list,-8.50106380949
large,-7.29709100516
sand,-8.90652891759
saudi,-8.50106380949
https://t.co/hyei83nvrm,-8.90652891759
conflicted,-8.90652891759
quicker,-8.90652891759
@natlparkservice,-8.90652891759
‚Äútrump,-8.50106380949
@alicetweet,-8.90652891759
paso,-8.21338173703
past,-8.50106380949
rate,-7.6537659491
lawyer,-7.40245152082
pass,-8.50106380949
further,-8.21338173703
resettled,-8.50106380949
trick,-8.90652891759
what,-6.16568889367
@johnkerry,-8.90652891759
consumers,-8.50106380949
€¥€∞,-8.21338173703
deeply,-8.90652891759
section,-8.90652891759
resume,-8.90652891759
anniversary,-8.90652891759
witnesses,-8.90652891759
veto,-8.90652891759
schumer,-8.90652891759
version,-8.50106380949
apologized,-8.90652891759
immediately....,-8.90652891759
lyin‚Äô,-8.90652891759
learned,-8.90652891759
apply,-8.90652891759
guns,-8.90652891759
full,-7.52023455647
iran,-7.03472674069
@emmanuelmacron,-8.90652891759
lobbyist,-8.90652891759
answers,-8.90652891759
revenge,-8.50106380949
hours,-7.99023818572
disastrous,-8.90652891759
....we,-8.50106380949
situation,-8.90652891759
directions,-8.90652891759
november,-8.21338173703
strong,-7.03472674069
respect,-8.90652891759
legend,-8.50106380949
arena,-8.90652891759
admits,-8.50106380949
almost,-7.11476944837
hole‚Äô,-8.90652891759
ahead,-8.90652891759
caravans,-8.50106380949
losses,-8.90652891759
frey,-8.90652891759
experience,-8.90652891759
soldier,-8.50106380949
amount,-7.99023818572
lifted,-8.90652891759
social,-8.21338173703
action,-8.50106380949
followed,-8.50106380949
family,-7.80791662893
quo‚Äôs,-8.90652891759
imagine,-8.90652891759
opinion),-8.90652891759
tracking,-8.90652891759
glitch,-8.90652891759
@af_academy,-8.90652891759
‚Äúinsurance,-8.90652891759
governments‚Äù,-8.90652891759
examiner,-8.90652891759
turnout,-8.90652891759
‚Äúpresidents,-8.90652891759
finally,-7.99023818572
property.‚Äù,-8.90652891759
https://t.co/gthdz7bn6b,-8.90652891759
oecd,-8.90652891759
https://t.co/kl78g24axx,-8.90652891759
taken,-7.52023455647
fraudster,-8.90652891759
markets,-8.90652891759
achieving,-8.90652891759
minor,-8.50106380949
more,-5.64843237957
https://t.co/zvyxj8siw2,-8.90652891759
@wwp,-8.90652891759
diamond,-8.90652891759
door,-8.50106380949
knows,-7.6537659491
andrzej,-8.90652891759
&amp,-5.09986642782
@senthomtillis,-8.90652891759
‚Äúpresident,-8.21338173703
https://t.co/cqjtfbnmvy,-8.90652891759
pro-crooked,-8.90652891759
apprehensions,-8.90652891759
ratcliffe,-8.90652891759
stick,-7.99023818572
particular,-8.90652891759
known,-8.90652891759
nk‚Äîfake,-8.90652891759
‚Äúbob,-8.50106380949
keeping,-7.99023818572
salvador,-8.50106380949
completion,-8.90652891759
wray,-8.90652891759
huge,-8.90652891759
nebraska,-8.50106380949
greeted,-8.90652891759
(($500,-8.90652891759
hawley,-8.90652891759
evangelicals,-8.90652891759
history,-6.82708737591
beautiful,-7.40245152082
stubborn,-8.50106380949
inflation...highest,-8.90652891759
embarrassing,-8.90652891759
‚Äúhe,-8.90652891759
stated,-7.52023455647
conspire,-8.90652891759
terrible,-8.90652891759
states,-6.10316853669
pushed,-8.21338173703
confirmation,-8.90652891759
numbers,-7.29709100516
sense,-8.90652891759
station,-8.50106380949
https://t.co/tvhhipsrfo,-8.90652891759
@kia,-8.90652891759
information,-7.20178082536
respective,-8.90652891759
court,-7.29709100516
rather,-7.99023818572
breaking,-8.90652891759
fellow.,-8.90652891759
collude.‚Äù,-8.90652891759
hasn‚Äôt,-8.90652891759
joblessness,-8.90652891759
mildly),-8.50106380949
stir,-8.90652891759
sondland‚Äôs,-8.90652891759
tried,-7.99023818572
⁄©Ÿá,-8.90652891759
disgraced,-8.90652891759
advice,-8.90652891759
https://t.co/ldfgfvajnf,-8.90652891759
brett,-8.90652891759
https://t.co/tg32cxb1lq,-8.90652891759
@oann,-7.99023818572
coming,-6.89162589705
https://t.co/nzoeqfnb3c,-8.90652891759
lanka,-8.50106380949
response,-8.90652891759
trump....,-8.90652891759
refuse,-8.50106380949
short,-8.90652891759
stems,-8.90652891759
https://t.co/bu296fhqab,-8.90652891759
https://t.co/is7ofkmgka,-8.90652891759
....election,-8.90652891759
@steveducey,-8.90652891759
zogby,-8.90652891759
overnight,-8.90652891759
shore,-8.90652891759
responsibility,-8.90652891759
banks,-7.80791662893
pleasure,-8.90652891759
hates,-8.90652891759
playing,-8.21338173703
@sarahhuckabee,-8.90652891759
baier,-8.90652891759
help,-6.89162589705
outrages,-8.90652891759
rand,-8.90652891759
wall),-8.90652891759
‚Äúdumped‚Äù,-8.90652891759
emmanuel,-8.90652891759
soon,-7.29709100516
trade,-7.29709100516
held,-8.50106380949
logan,-8.90652891759
paper,-8.50106380949
through,-7.20178082536
committee,-7.99023818572
committed,-7.52023455647
hell,-8.90652891759
unverified,-8.90652891759
unleashing,-8.90652891759
rapidly,-7.99023818572
pray,-8.90652891759
assaulting,-8.90652891759
reserve....,-8.90652891759
actually,-7.6537659491
late,-8.90652891759
#trump2020,-8.90652891759
strange,-8.90652891759
radical,-7.40245152082
founders,-8.90652891759
penn,-8.90652891759
factories,-8.90652891759
soccer,-8.50106380949
ally,-8.90652891759
(manufacturers),-8.90652891759
hurting,-8.21338173703
good,-5.86200647987
return,-8.90652891759
impacts,-8.90652891759
hunter,-8.90652891759
predator,-8.90652891759
#donothingdemocrats,-8.90652891759
walls,-8.21338173703
milestone,-8.90652891759
communities,-8.90652891759
hearing,-8.50106380949
bigger,-8.50106380949
‚Äúfox,-8.90652891759
easily,-7.99023818572
shifty,-7.80791662893
imprisoned,-8.90652891759
always,-6.96061876854
level,-7.6537659491
https://t.co/tnmjcrd4ft,-8.90652891759
bless,-8.21338173703
ashes,-8.90652891759
stopped,-8.50106380949
https://t.co/who5npctlv,-8.90652891759
found,-8.50106380949
investigators,-8.90652891759
heavy,-8.90652891759
.....nice,-8.90652891759
harm,-8.90652891759
everyone,-7.52023455647
england,-8.90652891759
house,-6.6039438246
energy,-8.21338173703
hard,-7.40245152082
house.,-8.90652891759
idea,-7.52023455647
democrat,-6.7664627541
information....,-8.90652891759
dollars....,-8.90652891759
beyond,-8.90652891759
say.....,-8.90652891759
really,-7.03472674069
deals,-8.90652891759
reinstating,-8.90652891759
funding,-8.50106380949
missed,-8.90652891759
ernie,-8.90652891759
@jennaellisrives,-8.50106380949
robert,-7.40245152082
since,-7.52023455647
https://t.co/3pe2zclfuk,-8.90652891759
testify,-8.50106380949
research,-8.50106380949
acting,-7.80791662893
safety,-8.21338173703
hill,-8.90652891759
shipment,-8.90652891759
print,-8.90652891759
trump-and,-8.90652891759
issue,-7.99023818572
salute,-8.90652891759
assist,-8.50106380949
wisconsin,-8.50106380949
wales,-8.90652891759
pathetic,-7.80791662893
lawrence,-8.50106380949
friday,-8.90652891759
forgive,-8.50106380949
geared,-8.90652891759
extraordinary,-8.21338173703
reason,-7.6537659491
base,-8.90652891759
members,-7.99023818572
impeached,-8.50106380949
backed,-8.90652891759
that....,-8.50106380949
beginning,-7.99023818572
year)),-8.90652891759
thrown,-8.50106380949
driven,-8.90652891759
owners,-8.50106380949
launch,-8.90652891759
@starcenter,-8.90652891759
#iacp2019,-8.90652891759
....no,-8.50106380949
success,-8.90652891759
american,-6.30383923215
exactly...,-8.90652891759
circuit,-8.90652891759
enough,-8.90652891759
syria,-8.90652891759
disclaimer,-8.90652891759
fallen,-8.90652891759
major,-7.40245152082
rooted,-8.90652891759
protectionist,-8.90652891759
feel,-8.50106380949
mistakenly,-8.90652891759
he‚Äôll,-8.90652891759
number,-7.40245152082
obstructionists,-8.90652891759
president‚Äôs,-8.90652891759
bernadette,-8.90652891759
instances,-8.90652891759
talked,-8.90652891759
done,-6.16568889367
says,-8.50106380949
miss,-8.90652891759
https://t.co/09leiplosp,-8.90652891759
beret,-8.90652891759
@nhc_atlantic,-8.90652891759
story,-7.11476944837
heads,-8.50106380949
world...,-8.90652891759
tate,-8.50106380949
arlington,-8.90652891759
interact,-8.90652891759
...talks,-8.90652891759
threatening,-8.90652891759
least,-8.90652891759
regulation,-8.90652891759
wonderful,-7.11476944837
closures.,-8.90652891759
passed,-8.21338173703
moat,-8.90652891759
https://t.co/oipp7ml2ud,-8.90652891759
justly,-8.90652891759
@cnbc,-8.50106380949
fbi....‚Äù,-8.90652891759
relationship,-7.99023818572
behind,-8.90652891759
1.35%,-8.90652891759
park,-8.90652891759
interviewed,-8.21338173703
immediate,-8.90652891759
again.‚Äù,-8.90652891759
part,-7.6537659491
this‚Ä¶we‚Äôre,-8.90652891759
focusing,-8.90652891759
inventing,-8.90652891759
countries....,-8.90652891759
convinced,-8.90652891759
unpardonable,-8.90652891759
fred,-8.90652891759
obama,-6.96061876854
king,-8.90652891759
kind,-7.99023818572
grew,-8.90652891759
compliments,-8.90652891759
iranian,-8.50106380949
condolences,-8.50106380949
gotten,-8.50106380949
.@greggjarrett,-8.90652891759
youth,-8.90652891759
illegals,-8.21338173703
greg,-8.21338173703
2020,-7.40245152082
supposed,-8.90652891759
amount....,-8.90652891759
listen,-8.90652891759
ousted,-8.90652891759
....was,-8.90652891759
....know,-8.90652891759
nominee,-8.90652891759
outstanding,-8.21338173703
strengthen,-8.90652891759
https://t.co/d7h1wr1lhy,-8.90652891759
needs,-8.90652891759
https://t.co/oun56uzi53,-8.90652891759
substantial,-8.90652891759
depleted,-8.50106380949
carrying,-8.90652891759
orders,-8.90652891759
sell,-8.90652891759
ratings,-7.52023455647
speaking,-8.50106380949
built,-7.99023818572
zero,-7.6537659491
https://t.co/ulqagiatxi,-8.90652891759
officers,-8.50106380949
camouflage,-8.90652891759
also,-6.5086336448
costs,-8.50106380949
re-negotiate,-8.90652891759
chairman,-7.99023818572
caliphate,-8.50106380949
@jairbolsonaro,-8.90652891759
finding,-8.50106380949
commentary,-8.90652891759
https://t.co/gisollcckv,-8.90652891759
province,-8.90652891759
aired,-8.50106380949
added,-8.50106380949
hires,-8.90652891759
‚Äúface,-8.90652891759
dayton,-8.50106380949
leaking,-8.90652891759
measures,-8.90652891759
reach,-8.90652891759
drone),-8.90652891759
leave,-8.50106380949
most,-7.52023455647
rejected,-8.90652891759
significant,-8.90652891759
000 ",-8.50106380949
nothing,-6.46418188223
approved,-8.50106380949
achievement,-8.90652891759
constitution,-8.90652891759
won‚Äôt,-7.6537659491
"($35,-8.90652891759
loopholes,-8.50106380949
#takebackday,-8.90652891759
clear,-8.21338173703
humanitarian,-8.50106380949
cover,-8.50106380949
devalue,-8.90652891759
traditional,-8.90652891759
security.,-8.90652891759
overdrive,-8.90652891759
clean,-8.50106380949
@gstephanopoulos,-8.21338173703
construction),-8.90652891759
‚Äúhow,-8.90652891759
lying,-8.90652891759
‚Äúeven,-8.90652891759
thomas,-8.50106380949
golf,-7.99023818572
didn‚Äôt,-6.7664627541
knowingly,-8.90652891759
businesses,-8.90652891759
https://t.co/ug3daskmuc,-8.90652891759
https://t.co/4revxkusht,-8.90652891759
fine,-8.21338173703
find,-8.21338173703
intransigence,-8.90652891759
impact,-8.21338173703
opponent,-8.50106380949
giant,-8.90652891759
believe,-7.40245152082
rocket,-8.90652891759
justice,-7.80791662893
nervous,-8.21338173703
ruin,-8.90652891759
https://t.co/ibtqvsbsbn,-8.90652891759
dossier),-8.90652891759
unhappy,-8.90652891759
othershave,-8.90652891759
failed,-7.99023818572
guy‚Äù,-8.90652891759
cuomo,-8.21338173703
‚Äúin,-8.90652891759
executive,-8.21338173703
etc.),-8.90652891759
gains,-8.90652891759
‚Äúif,-8.90652891759
mclaughlin,-8.90652891759
feels,-8.90652891759
agent.‚Äù,-8.90652891759
actions,-8.90652891759
closely,-8.50106380949
....because,-8.90652891759
‚Äúit,-8.21338173703
during,-8.50106380949
silk,-8.90652891759
emails,-8.90652891759
exoneration,-8.90652891759
enemy,-8.21338173703
spikes,-8.90652891759
frankly,-8.90652891759
https://t.co/sq70fkctjv,-8.90652891759
https://t.co/fbtzlbroqi,-8.90652891759
....,-8.90652891759
testifying,-8.90652891759
proclaim,-8.90652891759
dossier,-8.50106380949
investigate,-8.21338173703
recommendations,-8.90652891759
switzerland,-8.90652891759
....drug,-8.90652891759
river,-8.90652891759
wrote,-8.50106380949
wrongfully,-8.90652891759
waters,-8.90652891759
barr,-8.21338173703
guys,-8.90652891759
@marianorivera,-8.90652891759
achieved,-8.90652891759
intelligence,-7.6537659491
‚Äúforgot‚Äù,-8.90652891759
instituted,-8.90652891759
defense,-7.99023818572
dumb,-8.90652891759
@robertjeffress,-8.90652891759
close,-7.99023818572
bukele,-8.90652891759
comfort,-8.90652891759
...our,-8.90652891759
pizzella,-8.90652891759
....of,-8.90652891759
matter,-8.90652891759
#kentucky,-8.90652891759
currently,-8.90652891759
please,-8.21338173703
https://t.co/ucxotftegm,-8.90652891759
case,-6.89162589705
they....,-8.90652891759
various,-7.99023818572
probably,-8.50106380949
numerous,-7.99023818572
corruption,-8.90652891759
15th,-8.90652891759
on....,-8.90652891759
europe,-7.80791662893
korea,-7.80791662893
disgraceful,-8.90652891759
targeted,-8.90652891759
(#nc03),-8.90652891759
https://t.co/wmkn9rqm2n,-8.90652891759
ÿ≥ÿ±⁄©Ÿàÿ®,-8.90652891759
succeed,-8.90652891759
opposition,-8.50106380949
both,-7.80791662893
last,-7.03472674069
(previous,-8.90652891759
whistleblowers,-7.99023818572
treated,-8.21338173703
barely,-8.90652891759
foreign,-7.80791662893
thom,-8.90652891759
became,-8.90652891759
witch,-6.70930434026
https://t.co/1lgfjjhrfh,-8.90652891759
whole,-7.80791662893
@foxbusiness,-8.90652891759
baltimore,-8.90652891759
price),-8.90652891759
üá∫üá∏üá¨üáß,-8.90652891759
ranchers,-7.80791662893
point,-7.6537659491
simple,-8.50106380949
smith,-8.90652891759
steele,-7.99023818572
allegiance,-8.90652891759
community,-8.50106380949
simply,-8.90652891759
likes,-8.90652891759
shutdown,-8.90652891759
...fake,-8.90652891759
throughout,-8.90652891759
expensive,-8.50106380949
understands,-8.90652891759
ÿ¥ÿß€åÿ≥ÿ™Ÿá,-8.90652891759
raise,-8.50106380949
monthly,-8.90652891759
create,-8.50106380949
pre-existing,-8.90652891759
political,-7.6537659491
strategy,-8.21338173703
convicted,-8.90652891759
https://t.co/v0wgvwewtn,-8.90652891759
reduction,-8.90652891759
dropping,-8.90652891759
ireland,-8.50106380949
discussed-and,-8.90652891759
territory,-8.50106380949
meeting,-7.11476944837
woke,-8.90652891759
‚Äúchoosing,-8.90652891759
sanders,-8.90652891759
refered,-8.90652891759
lived,-8.90652891759
champion,-8.50106380949
fire,-7.80791662893
citizen,-8.90652891759
else,-7.80791662893
anthony,-8.90652891759
office‚Äù,-8.50106380949
understand,-8.90652891759
specifically,-8.90652891759
demand,-8.50106380949
prices,-7.6537659491
you‚Äôll,-8.90652891759
justices.‚Äù,-8.90652891759
georgia,-8.50106380949
kind.‚Äù,-8.90652891759
look,-6.89162589705
all-time,-8.90652891759
indefinitely,-8.90652891759
judicial,-8.90652891759
straight,-8.90652891759
bill,-6.82708737591
budget,-8.90652891759
governor,-8.21338173703
pace,-8.90652891759
while,-7.20178082536
socialism,-8.50106380949
replaced,-8.90652891759
chant,-8.90652891759
‚Äúwe,-8.90652891759
https://t.co/c3dl5rffie,-8.90652891759
‚Äúwhistleblower‚Äù,-8.90652891759
cages,-8.90652891759
scheduled,-8.50106380949
costly,-8.50106380949
hoping,-8.90652891759
https://t.co/2nfiefppho,-8.90652891759
motors,-8.90652891759
(congresswoman,-8.90652891759
alaska,-8.90652891759
hoax,-7.6537659491
itself,-8.50106380949
ready,-7.29709100516
‚Äúholy,-8.90652891759
democrat.....,-8.90652891759
fairer,-8.90652891759
https://t.co/e08ngbcw3d,-8.90652891759
funny,-8.50106380949
https://t.co/jqbj2tga3p,-8.90652891759
italy,-8.90652891759
8:00,-7.99023818572
‚Äúthis,-8.90652891759
government,-7.80791662893
inflation),-8.90652891759
rules,-8.90652891759
grand,-8.90652891759
proved,-8.90652891759
conflict,-8.90652891759
higher,-7.20178082536
....iran,-8.90652891759
currencies,-8.21338173703
goodwin,-8.90652891759
infestation,-8.90652891759
(very,-8.90652891759
yesterday,-8.21338173703
https://t.co/dbc6agznpx,-8.90652891759
hours‚Äù,-8.50106380949
levels,-8.90652891759
feds,-8.90652891759
stripe,-8.90652891759
....said,-8.90652891759
@msnbc,-8.90652891759
@whitehouse,-8.21338173703
401k‚Äôs,-8.90652891759
recent,-8.21338173703
kurdish,-8.90652891759
lower,-8.90652891759
task,-8.90652891759
schneiderman,-8.90652891759
poland,-8.50106380949
limbaugh,-8.90652891759
anybody,-8.50106380949
analysis,-8.90652891759
double,-8.90652891759
sports,-8.90652891759
person,-8.90652891759
to......,-8.90652891759
kelly,-8.50106380949
organization,-8.21338173703
https://t.co/t4i0uyqlqd,-8.90652891759
spend,-8.21338173703
i‚Äôm,-7.99023818572
ambassador,-7.6537659491
slowly,-8.90652891759
i‚Äôd,-8.90652891759
competitive,-8.90652891759
general....‚Äù,-8.90652891759
shape,-8.90652891759
questions,-8.90652891759
using,-8.50106380949
coverup.‚Äù,-8.90652891759
alternative,-8.21338173703
‚Äúgames‚Äù,-8.90652891759
seditious,-8.90652891759
‚Äúhit,-8.90652891759
https://t.co/7molu6utce,-8.90652891759
ÿ™ÿ±€å,-8.90652891759
conclusions,-8.50106380949
hated,-8.90652891759
workers,-8.21338173703
deputy,-8.90652891759
tabas,-8.90652891759
exclusively,-8.90652891759
‚Äúradicals,-8.50106380949
source,-8.21338173703
follow.,-8.90652891759
homeland,-8.90652891759
@foxandfriends,-6.6039438246
hajec,-8.90652891759
violations,-8.90652891759
https://t.co/d0apaaxvvm,-8.90652891759
remaining,-8.90652891759
surprised,-8.90652891759
hater,-8.90652891759
@wattersworld,-8.90652891759
complaint,-8.50106380949
march,-8.50106380949
emergency,-7.6537659491
showing,-8.90652891759
unlimited,-8.90652891759
suffering,-8.90652891759
necessary,-8.90652891759
health...https://t.co/talfddstuu,-8.90652891759
china‚Äôs,-8.50106380949
like,-6.23238026817
traffickers,-8.90652891759
imposed,-8.90652891759
@stevedoocy,-8.50106380949
@nayibbukele,-8.90652891759
https://t.co/bn0jzvxz9y,-8.90652891759
hemisphere,-8.50106380949
consensus,-8.90652891759
incompetence-made,-8.90652891759
continue,-7.52023455647
indication,-8.90652891759
contradictions,-8.90652891759
1997‚Äù,-8.90652891759
pertaining,-8.90652891759
scare,-8.90652891759
often,-8.90652891759
senate,-7.6537659491
some,-6.89162589705
back,-6.42162226781
impeach,-7.99023818572
couldn‚Äôt,-8.90652891759
strongest,-7.99023818572
economic,-7.99023818572
always....,-8.90652891759
https://t.co/87jvayukyn,-8.90652891759
https://t.co/uwpdgjg99f,-8.90652891759
nominee.‚Äù,-8.90652891759
delivered,-8.50106380949
scale,-8.50106380949
contacts,-8.90652891759
https://t.co/gapv8e14pw,-8.90652891759
redo,-8.90652891759
absolutely,-8.21338173703
https://t.co/culshq7aqi,-8.90652891759
left‚Äôs,-8.90652891759
https://t.co/gaitdhwnib,-8.90652891759
seller,-8.50106380949
ÿ±⁄ò€åŸÖ,-8.90652891759
bruce,-8.90652891759
lara,-8.90652891759
‚Äúball,-8.90652891759
prosecuted,-8.90652891759
energy...,-8.90652891759
https://t.co/lopau8h33l,-8.90652891759
journalist,-8.50106380949
tuned,-8.50106380949
pirro,-8.50106380949
5‚Äôs,-8.50106380949
eating,-8.90652891759
secretary.,-8.90652891759
martin,-8.50106380949
continuing,-8.21338173703
agreement,-8.50106380949
refused,-8.50106380949
feelings,-8.90652891759
cochran,-8.90652891759
step,-8.90652891759
nowhere,-8.90652891759
lawfulness,-8.90652891759
refuses,-8.50106380949
....this,-8.90652891759
intense,-8.90652891759
troops,-8.90652891759
faith,-8.90652891759
goods,-8.21338173703
anything,-7.80791662893
ŸÅÿ≥ÿßÿØ,-8.90652891759
usa‚Äôs,-8.90652891759
duda,-8.90652891759
@ingrahamangle,-8.90652891759
congressman,-8.90652891759
auditorium,-8.90652891759
plan,-8.50106380949
seeing,-8.21338173703
clinton,-7.20178082536
colorado,-8.90652891759
garbage,-8.50106380949
depose,-8.90652891759
into,-6.7664627541
within,-8.50106380949
nonsense,-8.50106380949
‚Äúcollusion,-8.90652891759
services,-8.21338173703
appropriate,-8.90652891759
rockets,-8.90652891759
remembrance,-8.90652891759
‚Äúpouring‚Äù,-8.90652891759
"($40,-8.90652891759
pentagon,-8.90652891759
katie,-8.21338173703
pundit,-8.90652891759
‚Äúi,-7.80791662893
spending,-8.21338173703
‚Äúshe,-8.90652891759
exposed,-8.90652891759
bargaining,-8.90652891759
live,-8.50106380949
fast,-7.20178082536
heritage,-8.90652891759
forward,-7.29709100516
‚Äúforeign,-8.90652891759
sections,-7.99023818572
opposed,-8.90652891759
himself,-8.21338173703
congress...,-8.90652891759
elsewhere,-8.90652891759
bore,-8.90652891759
‚Äútaken,-8.90652891759
murphy,-8.90652891759
immigration,-7.29709100516
khamenei,-8.90652891759
boys,-8.90652891759
properly,-7.99023818572
haven‚Äôt,-8.90652891759
filed,-8.90652891759
kidding),-8.90652891759
recision,-8.90652891759
https://t.co/ewjwrlmive,-8.90652891759
info,-8.90652891759
patriot,-8.90652891759
inhumane,-8.90652891759
....almost,-8.90652891759
heroes....https://t.co/q6d5875xcw,-8.90652891759
https://t.co/jiioe2a2jf,-8.90652891759
....working,-8.90652891759
prosecutor,-8.90652891759
warmer,-8.90652891759
autonomous,-8.90652891759
etc.,-8.90652891759
called,-7.20178082536
https://t.co/5wvry1rkbt,-8.90652891759
associated,-8.90652891759
expedition,-8.90652891759
likewise,-8.21338173703
long-established,-8.90652891759
devaluations,-8.90652891759
rally,-8.50106380949
graham,-8.90652891759
feeding,-8.50106380949
facebook,-8.90652891759
retaliate-will,-8.90652891759
thugs,-8.90652891759
majotity,-8.90652891759
tone,-8.90652891759
amounts,-8.50106380949
fixing,-8.90652891759
peace,-8.50106380949
‚Äúall,-8.90652891759
reimbursed,-8.90652891759
@joebiden,-8.90652891759
points,-7.99023818572
defrauding,-8.90652891759
income,-8.90652891759
department,-8.21338173703
f-35,-8.90652891759
(are,-8.90652891759
nice,-7.99023818572
https://t.co/g2npapozye,-8.90652891759
gross,-8.90652891759
kansas,-8.50106380949
resign,-8.90652891759
prepared,-7.99023818572
helping,-7.99023818572
audience,-8.90652891759
suppression,-8.90652891759
hanson,-8.90652891759
(made,-8.90652891759
approving,-8.90652891759
sides,-7.99023818572
rightful,-8.90652891759
fighter,-8.90652891759
vice,-8.50106380949
unlocked,-8.90652891759
summit,-8.50106380949
narrative,-8.50106380949
https://t.co/my1zkmvfqw,-8.90652891759
fayetteville,-8.50106380949
https://t.co/hud66skfu2,-8.90652891759
having,-7.29709100516
once,-8.50106380949
scaramucci,-8.90652891759
....@foxandfriends,-8.90652891759
results,-8.21338173703
existing,-8.50106380949
steve,-8.50106380949
gang,-8.50106380949
winds,-8.90652891759
particularly,-8.50106380949
psycho,-8.90652891759
conservative,-8.50106380949
(last,-8.90652891759
uphold,-8.90652891759
turkish,-8.90652891759
morgenthau,-8.90652891759
deal),-8.90652891759
send,-8.50106380949
appointed,-7.99023818572
intensive,-8.50106380949
capturing,-8.90652891759
passion,-8.90652891759
include,-8.50106380949
sent,-8.50106380949
good.....,-8.90652891759
drunk,-8.90652891759
mainstream,-8.90652891759
https://t.co/gzh38ugdck,-8.90652891759
continues,-8.50106380949
conditions,-8.90652891759
they‚Äôve,-8.50106380949
‚Äúanchor‚Äù@lesterholtnbc,-8.90652891759
rebuked,-8.90652891759
putting,-7.99023818572
biarritz,-8.90652891759
bosses,-8.90652891759
https://t.co/zrqfrvuvty,-8.90652891759
more),-8.90652891759
entire,-7.99023818572
recreation,-8.90652891759
respectful,-8.90652891759
@johnrobertsfox,-8.90652891759
knight,-8.90652891759
michael,-7.80791662893
pullback,-8.90652891759
@mariabartiromo,-8.21338173703
race,-8.50106380949
https://t.co/1eqr2im8dq,-8.90652891759
insubordinate,-8.90652891759
and...,-8.21338173703
@charleshurt,-8.90652891759
ceasefire,-7.99023818572
bernie,-8.90652891759
pledge,-8.90652891759
carly,-8.90652891759
@kilmeade,-8.90652891759
maintain,-8.90652891759
jump,-8.90652891759
growing,-8.90652891759
acid,-8.90652891759
victor,-8.90652891759
universities,-8.90652891759
index,-8.90652891759
plays,-8.90652891759
https://t.co/krlzoyeijs,-8.90652891759
refuse....,-8.90652891759
bombmaker,-8.90652891759
giving,-7.80791662893
kingdom,-8.90652891759
schedule,-8.90652891759
@kimstrassel,-8.50106380949
expressed,-8.21338173703
access,-8.90652891759
huawei,-8.50106380949
flowing,-8.90652891759
‚Äústill,-8.90652891759
‚Äúdrooling‚Äù,-8.90652891759
exercise,-8.90652891759
cohen‚Äôs,-8.90652891759
women‚Äôs,-8.50106380949
stance,-8.90652891759
@lindseygrahamsc,-8.50106380949
pushing,-8.90652891759
https://t.co/gdhiqtekpv,-8.90652891759
@meganrapino,-8.90652891759
https://t.co/0cpnuzjqb9,-8.50106380949
following,-8.90652891759
busy,-8.90652891759
focused,-8.50106380949
euro,-7.99023818572
others,-6.6039438246
safer,-8.90652891759
@icegov,-8.90652891759
ukraine,-7.11476944837
great,-4.79565505342
(outrageous),-8.90652891759
talent,-8.90652891759
ŸÅŸÇÿ∑,-8.90652891759
receive,-8.90652891759
involved,-8.21338173703
use‚Äù,-8.90652891759
leaving,-7.40245152082
dastardly,-8.90652891759
products,-8.21338173703
opinion,-8.50106380949
makes,-7.99023818572
honor,-7.52023455647
looted,-8.90652891759
@cvpayne,-8.90652891759
named,-8.50106380949
writer,-8.90652891759
apple,-8.90652891759
more.....,-8.50106380949
claim,-8.90652891759
presidents,-8.50106380949
‚Äúlike,-8.90652891759
crosby,-8.90652891759
.....the,-8.90652891759
motor,-8.90652891759
she‚Äôs,-8.90652891759
oval,-8.90652891759
scandal,-8.50106380949
destabilize,-8.90652891759
@joesquawk,-8.90652891759
https://t.co/jzc35xnll3,-8.90652891759
confidence,-8.90652891759
....an,-8.90652891759
from,-5.68765309273
@dbongino,-8.90652891759
sought,-8.90652891759
'collusion',-8.90652891759
remains,-8.90652891759
illegal,-8.21338173703
next,-7.29709100516
spying,-8.21338173703
https://t.co/uei4u4lpts,-8.90652891759
doubt,-8.90652891759
afforded,-8.90652891759
he‚Äôs,-8.50106380949
(remember,-8.90652891759
reflects,-8.90652891759
sort,-8.90652891759
bahamian,-8.90652891759
upcoming,-8.90652891759
started,-8.50106380949
columnist.,-8.90652891759
https://t.co/n3gddahlwh,-8.90652891759
70th,-8.90652891759
https://t.co/d0htwp2u59,-8.90652891759
opposing,-8.90652891759
@seanhannity,-7.80791662893
https://t.co/wprdiyfpiw,-8.90652891759
necessary...,-8.90652891759
women,-8.50106380949
account,-8.90652891759
announcing,-8.90652891759
sanctions,-7.80791662893
this,-5.00455624802
ride,-8.90652891759
oil.‚Äù,-8.90652891759
anywhere,-8.50106380949
obvious,-8.90652891759
columns,-8.90652891759
shelton,-8.90652891759
https://t.co/bd6fud6jwp,-8.90652891759
meet,-7.6537659491
closing,-8.90652891759
https://t.co/vixmzwgym2,-8.90652891759
control,-8.21338173703
patrol,-8.50106380949
process,-7.80791662893
favorite,-8.50106380949
purposes,-8.90652891759
high,-7.20178082536
gowdy,-8.90652891759
vicious,-8.50106380949
pulling,-8.90652891759
something,-7.80791662893
‚Äúcurrency,-8.90652891759
trumper,-8.90652891759
weaken,-8.90652891759
‚Äúbasement,-8.90652891759
united,-5.98875818551
they‚Äôll,-8.90652891759
speculate.‚Äù,-8.90652891759
democracy,-8.90652891759
destroying,-8.90652891759
esper,-8.90652891759
hampshire,-8.50106380949
@gillianhturner,-8.90652891759
brian,-8.50106380949
winners,-8.90652891759
instead,-8.50106380949
greatly,-8.50106380949
@billhemmer,-8.90652891759
stop,-7.03472674069
incompetence,-8.90652891759
await,-8.90652891759
counter-intuitive,-8.90652891759
bothered,-8.90652891759
ties,-8.50106380949
@alfredeneuman99..,-8.90652891759
advocated,-8.90652891759
light,-8.90652891759
‚Äúthere‚Äôs,-8.90652891759
guatemala,-8.90652891759
....pass,-8.90652891759
are.......,-8.90652891759
courage,-8.90652891759
agenda,-8.90652891759
healthcare,-7.99023818572
pretending,-8.90652891759
producer,-8.90652891759
https://t.co/l4nebv2seo,-8.90652891759
farming,-8.90652891759
move,-7.80791662893
....john,-8.90652891759
unofficially,-8.90652891759
including,-7.20178082536
looks,-7.80791662893
ÿßÿ≥ÿ™,-8.90652891759
agricultural,-8.21338173703
https://t.co/o59vi5tzxn,-8.90652891759
operative,-8.90652891759
perfect,-7.80791662893
negotiated,-8.21338173703
ÿ±Ÿàÿ¥ŸÜ,-8.90652891759
https://t.co/cortapjq9p,-8.90652891759
@wsj,-8.90652891759
labor,-8.50106380949
meantime,-8.21338173703
willing,-8.21338173703
2019,-8.50106380949
choose,-8.90652891759
covered,-8.50106380949
2017,-8.90652891759
criminal,-7.99023818572
freeman,-8.90652891759
crash,-8.50106380949
greater,-7.99023818572
auto,-8.90652891759
flew,-8.90652891759
occasions,-8.90652891759
mention,-8.50106380949
cutting,-8.90652891759
https://t.co/pmhddxsilx,-8.90652891759
hands,-8.90652891759
....when,-8.50106380949
republican,-7.11476944837
transparent,-8.90652891759
presidential,-7.29709100516
https://t.co/l5nvfki9fr,-8.90652891759
fabricated,-8.90652891759
‚Äúukraine,-8.50106380949
conservatism,-8.90652891759
‚Äújerry,-8.90652891759
truth,-7.99023818572
stock,-7.80791662893
upward,-8.90652891759
seniors,-8.90652891759
(president,-8.90652891759
(the,-8.90652891759
20000,-8.90652891759
doing,-6.42162226781
backetball,-8.90652891759
society,-8.90652891759
over‚Äù,-8.90652891759
..there,-8.90652891759
special,-8.21338173703
‚Äúrolling,-8.90652891759
‚Äúsupervision,-8.90652891759
defend,-8.50106380949
unlawful,-8.50106380949
chaos,-8.90652891759
class‚Äù,-8.90652891759
potomac,-8.90652891759
@joekernencnbc,-8.90652891759
arkansas,-8.90652891759
maithripala,-8.90652891759
honorable,-8.50106380949
we‚Äôre,-7.80791662893
supports,-8.50106380949
misrepresented,-8.90652891759
announced,-8.90652891759
shut,-8.90652891759
https://t.co/fpnhslghzd,-8.90652891759
book),-8.90652891759
jeff,-8.50106380949
bedbugs,-8.90652891759
completely,-8.50106380949
york,-7.03472674069
advisor,-8.50106380949
delegated,-8.90652891759
nation...https://t.co/devfro5uy7,-8.90652891759
pressure.‚Äù,-8.90652891759
obama/clinton,-8.90652891759
could,-6.70930434026
florida,-7.52023455647
times,-7.11476944837
conversation,-7.52023455647
shred,-8.90652891759
...buy,-8.90652891759
‚Äúmaga,-8.90652891759
davis,-8.90652891759
‚Äúnut,-8.90652891759
.....‚Äôthese,-8.90652891759
stimulate,-8.90652891759
south,-7.80791662893
finest,-8.90652891759
blown,-8.50106380949
scattershot,-8.90652891759
powerful,-8.90652891759
2019.‚Äù,-8.90652891759
owned,-8.90652891759
strategic,-8.21338173703
ÿ™ÿ±Ÿàÿ±,-8.90652891759
#rigged,-8.90652891759
.....but,-8.90652891759
‚Äúplace‚Äù,-8.90652891759
‚Äújobs,-8.90652891759
blows,-8.90652891759
#shaleinsight2019,-8.90652891759
https://t.co/p6ghgbv3v9,-8.90652891759
vetoed,-8.90652891759
rep.jerry,-8.90652891759
sadly,-7.99023818572
dump,-8.90652891759
ordering,-8.90652891759
filthy,-8.90652891759
so.‚Äù,-8.90652891759
system,-7.6537659491
russia‚Äôs,-8.90652891759
priority,-8.90652891759
their,-5.74952849644
attack,-7.80791662893
perfectly,-8.50106380949
final,-8.21338173703
enforcement,-7.52023455647
credibility),-8.90652891759
wall.‚Äù,-8.90652891759
completed,-8.90652891759
nobody,-7.6537659491
debate,-8.90652891759
megan,-8.90652891759
regards,-8.50106380949
l√≥pez,-8.90652891759
jeffress,-8.90652891759
manipulation,-8.90652891759
https://t.co/8n5qctvsp2,-8.90652891759
july,-8.21338173703
herself,-8.90652891759
updating,-8.90652891759
steel,-7.99023818572
loved,-8.90652891759
reneged,-8.90652891759
hearings,-8.90652891759
accomplish.we,-8.90652891759
ranil,-8.90652891759
individual,-8.90652891759
loves,-7.80791662893
lover,-8.90652891759
anti-trump,-8.50106380949
negatively,-8.90652891759
agata,-8.90652891759
devotion,-8.90652891759
result,-8.50106380949
collecting,-8.90652891759
cohen,-8.21338173703
partnership,-8.90652891759
....to,-8.90652891759
tonight,-7.80791662893
fail,-8.50106380949
sharp,-8.90652891759
unlikely,-8.90652891759
have,-4.78749174278
keller,-8.90652891759
need,-7.52023455647
border,-5.77103470167
clearly,-8.90652891759
crisis,-8.21338173703
documents,-8.50106380949
a...,-8.50106380949
4000,-8.90652891759
able,-8.50106380949
chief,-8.90652891759
https://t.co/06ozcbe08b,-8.90652891759
concerns,-8.90652891759
wins.‚Äù,-8.90652891759
which,-5.96208993843
korean,-8.90652891759
you‚Äôd,-8.90652891759
2016,-8.21338173703
(annapolis),-8.90652891759
unless,-8.90652891759
nancy,-7.52023455647
combat,-8.50106380949
leakers,-8.90652891759
https://t.co/dwqr11geng,-8.90652891759
eight,-8.90652891759
prisoner,-8.90652891759
https://t.co/lwxfecrmj4,-8.90652891759
medal,-8.90652891759
class,-8.90652891759
so-called,-8.21338173703
non-tariffed,-8.90652891759
stronger,-7.6537659491
disease,-8.90652891759
face,-8.90652891759
looked,-8.90652891759
innocent,-8.90652891759
bret,-8.50106380949
fact,-6.65523711899
impeachment@stevehiltonx,-8.90652891759
..‚Äùthis,-8.90652891759
violation,-8.50106380949
agreed,-7.99023818572
anyway,-8.21338173703
bring,-7.29709100516
planning,-8.90652891759
manchester,-8.90652891759
democrats,-5.6293841846
soldiers,-7.40245152082
ripoff,-8.90652891759
asylum,-8.90652891759
economist,-8.90652891759
).‚Äù,-8.50106380949
‚Äòhistoric,-8.90652891759
staff,-8.21338173703
partners,-8.50106380949
envy,-8.90652891759
highest,-8.21338173703
based,-7.6537659491
winner,-8.90652891759
‚Äútrolling,-8.90652891759
should,-5.98875818551
candidates,-8.21338173703
.@repmcclintock,-8.90652891759
....congratulations,-8.90652891759
fuel,-8.90652891759
thousands,-7.80791662893
interested,-7.99023818572
hope,-7.6537659491
boris,-8.90652891759
prosecute,-8.90652891759
sued,-8.90652891759
opinions,-8.90652891759
watching,-7.40245152082
beat,-8.90652891759
whistleblower,-7.11476944837
lucky,-8.50106380949
impeachment,-7.20178082536
ms-13,-8.90652891759
joint,-8.21338173703
....coming,-8.90652891759
words,-7.6537659491
emmet,-8.50106380949
areas,-7.80791662893
committees,-8.90652891759
course,-7.99023818572
denmark,-8.90652891759
married,-8.90652891759
taxes,-8.21338173703
calling,-8.50106380949
dallas,-8.90652891759
wish,-8.90652891759
tightening,-7.40245152082
fixed,-8.50106380949
gibson,-8.90652891759
the.....,-8.90652891759
(kiddingly),-8.90652891759
available,-8.90652891759
https://t.co/6ivkeffnnq,-8.90652891759
https://t.co/va9fhbyji0,-8.90652891759
exists,-8.90652891759
star),-8.90652891759
national,-7.03472674069
pitch,-8.90652891759
officials,-7.99023818572
desperate,-8.50106380949
https://t.co/h9epupl1us,-8.90652891759
purposes....almost,-8.90652891759
packed,-8.90652891759
danger,-8.90652891759
reform,-8.50106380949
nuclear,-7.99023818572
partisan,-8.50106380949
horribly,-8.50106380949
https://t.co/wbigo2ffzb,-8.90652891759
elsewhere....there,-8.90652891759
favor,-8.50106380949
state,-6.70930434026
closed,-8.50106380949
horrible,-8.21338173703
tens,-8.21338173703
progress,-7.99023818572
neither,-8.90652891759
guilty.‚Äù,-8.90652891759
industries,-8.50106380949
https://t.co/lannj7ifel,-8.90652891759
importance,-8.50106380949
https://t.co/czcubee9x7,-8.90652891759
deliver,-8.90652891759
strides,-8.90652891759
approval,-7.80791662893
lawsuit,-8.90652891759
‚Äúwill‚Äù,-8.90652891759
figured,-8.90652891759
(please,-8.90652891759
(best,-8.90652891759
admin,-8.90652891759
taking,-7.80791662893
equal,-8.90652891759
drug,-7.40245152082
admit,-8.50106380949
trumps,-8.50106380949
out.‚Äù,-8.90652891759
catastrophic,-8.90652891759
passing,-8.50106380949
fisa.‚Äù,-8.90652891759
otherwise,-8.90652891759
flyovers,-8.90652891759
agents,-8.90652891759
wall,-6.6039438246
tuesday,-8.21338173703
@abeshinzo,-8.50106380949
lovers,-8.90652891759
....don't,-8.90652891759
recognized,-8.90652891759
administration‚Äôs,-8.90652891759
selling,-8.90652891759
winning,-8.21338173703
‚Äúbust‚Äù,-8.90652891759
pouring,-8.90652891759
accomplishing,-8.90652891759
acts,-8.90652891759
powered,-8.90652891759
tremendous,-7.20178082536
it's,-8.90652891759
prince,-8.90652891759
https://t.co/xknq6xtf0k,-8.90652891759
nellie,-8.90652891759
quid,-7.99023818572
kahn,-8.50106380949
tyler,-8.90652891759
spygate,-8.90652891759
agreements,-8.90652891759
....you,-8.90652891759
waste,-8.50106380949
louisiana,-8.50106380949
....alabama,-8.90652891759
mike,-8.21338173703
contribute,-8.90652891759
league,-8.90652891759
https://t.co/k2fmu5br5r,-8.90652891759
...danny‚Äôs,-8.90652891759
releasing,-8.90652891759
results‚Äô,-8.90652891759
mcas,-8.90652891759
finished,-8.90652891759
puerto,-7.20178082536
prescription,-8.21338173703
september,-8.90652891759
reeves,-8.50106380949
derelict,-8.90652891759
present,-8.50106380949
https://t.co/quuebffo44,-8.90652891759
homes,-8.50106380949
bipartisan,-8.21338173703
harder,-8.21338173703
value,-8.90652891759
will,-4.84608590705
@shannonbream,-8.90652891759
instigated,-8.90652891759
https://t.co/iur5opgt7x,-8.90652891759
rigged,-8.50106380949
#magahttps://t.co/lnbm9sed2f,-8.90652891759
....alex,-8.90652891759
permeate,-8.90652891759
(wrote,-8.90652891759
cell,-8.90652891759
apprehend,-8.90652891759
delusion,-8.90652891759
thus,-8.90652891759
site,-8.90652891759
helped,-8.21338173703
dems,-6.26747158798
lightweight,-8.21338173703
arabia,-8.50106380949
partner,-7.99023818572
inspector,-8.50106380949
waivers,-8.90652891759
scotus,-8.90652891759
capture,-8.90652891759
....musician,-8.90652891759
perhaps,-7.40245152082
began,-8.90652891759
views,-8.90652891759
administration,-6.96061876854
upside,-8.90652891759
autism,-8.21338173703
member,-7.99023818572
unity,-8.50106380949
parts,-8.90652891759
speaker,-8.50106380949
conversations,-8.90652891759
lengthening,-8.90652891759
party,-7.20178082536
terrorism,-8.21338173703
powell,-8.21338173703
difficult,-8.50106380949
injured,-8.50106380949
#trumpminneapolis,-8.90652891759
reporting,-8.21338173703
history....,-8.90652891759
discredited,-8.50106380949
(u.k.),-8.90652891759
student,-8.90652891759
keep,-7.52023455647
center,-8.50106380949
get.,-8.90652891759
records,-8.90652891759
nevertheless,-8.90652891759
approve,-8.90652891759
well,-7.03472674069
fighting,-8.21338173703
(although,-8.90652891759
thought,-8.21338173703
harassers,-8.90652891759
position,-8.50106380949
a.....,-8.50106380949
https://t.co/ihtyqaywxu,-8.90652891759
usual,-8.50106380949
https://t.co/ysdea3kygd,-8.90652891759
arming,-8.90652891759
legendary,-8.90652891759
sourced,-8.90652891759
less,-7.6537659491
accurate,-8.90652891759
half,-8.50106380949
dose,-8.90652891759
sources,-8.21338173703
socialist,-8.90652891759
distant,-8.90652891759
fishing,-8.90652891759
@stevehiltonx,-8.90652891759
exemplary,-8.90652891759
paul,-8.90652891759
https://t.co/nsx2yuxab1,-8.90652891759
rapid,-8.90652891759
let‚Äôs,-8.90652891759
supply,-8.90652891759
https://t.co/5hccnfzxfn,-8.90652891759
studio,-8.90652891759
hall,-8.90652891759
reasons,-8.90652891759
other,-5.88610403145
nato,-8.21338173703
‚Äúit‚Äôs,-8.21338173703
https://t.co/mkdn5wstfu,-8.90652891759
unprecedented,-8.90652891759
smart,-8.50106380949
boom,-8.90652891759
icig,-8.90652891759
.@repmiketurner,-8.90652891759
kidney,-8.50106380949
say.‚Äù,-8.90652891759
https://t.co/ag3vccsjvg,-8.90652891759
judiciary,-8.90652891759
increases,-8.90652891759
historic,-7.80791662893
know,-6.70930434026
‚Äúpapa‚Äù,-8.90652891759
press,-7.99023818572
immediately,-7.52023455647
....our,-8.90652891759
loss,-8.90652891759
lincoln,-8.90652891759
ÿ¢€åŸÜÿØŸá,-8.90652891759
houlton,-8.90652891759
helpful,-8.50106380949
lost,-7.6537659491
eric,-8.90652891759
journalism,-8.50106380949
loser,-8.21338173703
payments,-8.50106380949
heed,-8.90652891759
lose,-8.50106380949
become,-7.99023818572
record,-7.29709100516
page,-8.50106380949
regardless,-8.90652891759
replacement,-8.90652891759
amendment,-7.99023818572
because,-6.65523711899
trashing,-8.50106380949
twitter,-8.50106380949
based),-8.90652891759
illegally,-8.50106380949
authority,-8.90652891759
socialists,-8.90652891759
growth,-7.99023818572
export,-8.50106380949
home,-7.40245152082
peter,-8.50106380949
employment,-8.90652891759
recognition,-8.90652891759
ŸÖÿØÿ™Ÿáÿßÿ≥ÿ™,-8.90652891759
....amendment.‚Äù,-8.90652891759
hapgood,-8.90652891759
wages....,-8.90652891759
lead,-8.21338173703
hurricane,-8.50106380949
14th,-8.90652891759
does,-7.20178082536
discretion,-8.50106380949
it....,-8.90652891759
chains,-8.90652891759
leader,-8.21338173703
inaccurate,-7.80791662893
reaching,-8.90652891759
astounding,-8.90652891759
....and,-8.50106380949
monetary,-8.50106380949
institute‚Äôs,-8.90652891759
outlets,-8.90652891759
shellacked,-8.90652891759
pressure,-7.99023818572
host,-8.50106380949
lockheed,-8.90652891759
manipulation.‚Äù,-8.90652891759
@drgregmurphy1,-8.90652891759
about,-6.04432803667
actual,-8.21338173703
justin,-8.90652891759
getting,-6.89162589705
freedom,-8.21338173703
done.‚Äù,-8.90652891759
shipping,-8.90652891759
#usmcanow,-8.90652891759
statement,-7.29709100516
that‚Äôs,-7.40245152082
happen),-8.90652891759
cameron,-8.90652891759
https://t.co/b6ngszujdy,-8.90652891759
executives,-8.90652891759
https://t.co/kg9hnbyrzh,-8.90652891759
‚Äúloco‚Äù,-8.90652891759
keeps,-8.90652891759
level...,-8.90652891759
washington,-7.40245152082
commitment,-8.50106380949
billions,-7.99023818572
assess,-8.90652891759
‚Äúbrazil,-8.90652891759
weather,-8.50106380949
tiny,-8.90652891759
lawful,-8.50106380949
negate,-8.90652891759
https://t.co/wbqiy4ugym,-8.90652891759
charities,-8.90652891759
Ÿáÿ≥ÿ™ŸÜÿØ,-8.90652891759
mississippi,-8.90652891759
additional,-8.21338173703
ballabon,-8.90652891759
https://t.co/ihjmne0abw,-8.90652891759
‚Äúhottest‚Äù,-8.90652891759
noticed,-8.90652891759
intention,-8.90652891759
misguided,-8.90652891759
him.....,-8.90652891759
biggest,-8.21338173703
venezuelan,-8.90652891759
@google,-8.90652891759
north,-7.11476944837
analysis‚Äù,-8.90652891759
ÿØÿ±,-8.90652891759
brand,-8.90652891759
left's,-8.90652891759
preparations,-8.90652891759
volume,-8.90652891759
https://t.co/hxvyydcnw5,-8.90652891759
construction,-8.21338173703
courts,-8.90652891759
squeeze,-8.90652891759
unfreedom,-8.90652891759
schiffs,-8.50106380949
partially,-8.90652891759
selfish,-8.90652891759
davos,-8.90652891759
made,-6.70930434026
wise,-8.50106380949
whether,-8.50106380949
levin,-8.50106380949
official,-8.50106380949
signed,-7.80791662893
strived,-8.90652891759
placed,-8.50106380949
ruling,-8.90652891759
cave.‚Äù,-8.90652891759
problem,-8.21338173703
minutes,-8.90652891759
urging,-8.90652891759
supreme,-7.80791662893
horrific,-8.90652891759
recognize,-8.90652891759
@60minutes,-8.90652891759
life,-8.90652891759
negotiations...,-8.90652891759
https://t.co/wo9npdq2ys,-8.90652891759
goodness,-8.90652891759
families,-8.21338173703
education,-8.90652891759
https://t.co/jdv5ha126a,-8.90652891759
diego,-8.90652891759
mutual,-8.90652891759
incredible,-7.03472674069
allow,-7.99023818572
ŸÖÿ±ÿØŸÖ,-8.90652891759
book,-7.03472674069
witness,-8.50106380949
sick,-8.21338173703
kurds,-7.80791662893
conclusion,-8.90652891759
@foxnews,-6.46418188223
repeat,-8.90652891759
monday,-8.50106380949
‚Äúborder,-8.90652891759
office...,-8.90652891759
june,-8.50106380949
history‚Äù,-8.90652891759
stay,-7.99023818572
sure,-8.50106380949
chance,-8.21338173703
shrank,-8.90652891759
additionally,-8.21338173703
friends,-7.80791662893
appoint,-8.90652891759
severe,-8.90652891759
baker,-8.90652891759
lasted,-8.90652891759
rule,-8.90652891759
compete,-7.99023818572
lives,-7.99023818572
