four,-8.02698685485
obstruction,-6.77422388636
protest,-8.02698685485
hating,-8.02698685485
liar,-8.02698685485
hate,-8.02698685485
fronts,-8.02698685485
@donnabrazile,-8.02698685485
cushy,-8.02698685485
under,-6.92837456618
sorry,-8.02698685485
@breitbartnews,-8.02698685485
rescue,-8.02698685485
otherwise.,-8.02698685485
georgia,-8.02698685485
every,-7.62152174674
updates,-8.02698685485
...said,-8.02698685485
bringing,-8.02698685485
vast,-8.02698685485
....i,-8.02698685485
school,-7.62152174674
companies,-7.33383967429
lamestream,-7.62152174674
enjoy,-8.02698685485
force,-8.02698685485
leaders,-7.33383967429
tired,-8.02698685485
consistent,-8.02698685485
‚Äúecb,-8.02698685485
others),-8.02698685485
it...,-8.02698685485
even,-6.64069249373
https://t.‚Ä¶,-8.02698685485
solemn,-8.02698685485
https://t.co/vufsgolfvo,-8.02698685485
panama,-8.02698685485
@senatorbraun,-8.02698685485
contributed,-8.02698685485
@healthyfla,-8.02698685485
@secpompeo,-8.02698685485
supplies,-8.02698685485
ever,-6.41754894242
https://t.co/enifgzhudc,-8.02698685485
https://t.co/mgliiaefbt,-8.02698685485
never,-6.01208383431
here,-7.62152174674
hundreds,-8.02698685485
china,-5.67561159769
represented,-8.02698685485
path,-7.62152174674
obtained,-8.02698685485
daughter,-8.02698685485
@davidasmanfox,-8.02698685485
üëèüèªüëçüèªüá∫üá∏,-8.02698685485
credit,-7.33383967429
military,-7.11069612298
campaign,-7.11069612298
conservatives,-7.33383967429
@heathernauert,-8.02698685485
@sencapito,-7.62152174674
highly,-8.02698685485
brought,-7.62152174674
total,-7.62152174674
devastation,-8.02698685485
(ideal),-8.02698685485
would,-6.15518467795
name‚Ä¶,-8.02698685485
tim/apple,-8.02698685485
insult,-8.02698685485
call,-6.92837456618
indiana,-8.02698685485
tell,-8.02698685485
successful,-7.62152174674
naive,-8.02698685485
wars,-8.02698685485
shelters,-8.02698685485
excellent,-8.02698685485
tariff,-8.02698685485
must,-6.77422388636
join,-7.62152174674
shame,-8.02698685485
1998,-8.02698685485
work,-6.77422388636
pledges,-8.02698685485
henry,-6.52290945808
criticizing,-8.02698685485
give,-7.62152174674
currency,-8.02698685485
want,-5.62909158205
keep,-7.11069612298
score:in,-8.02698685485
legislate,-8.02698685485
dnc/dem,-8.02698685485
papadopoulos,-8.02698685485
damage,-8.02698685485
amazing,-8.02698685485
interview,-7.62152174674
disappoint,-7.62152174674
beach,-8.02698685485
rise.o‚Ä¶,-8.02698685485
mueller,-5.94754531317
mess,-8.02698685485
after,-6.41754894242
@rosie4517,-8.02698685485
wrong,-7.11069612298
president,-5.25439813261
attempt,-7.62152174674
biden's,-8.02698685485
27‚Ä¶,-8.02698685485
appreciate,-8.02698685485
https://t.co/4c8wlqzrlf,-8.02698685485
treason.....,-8.02698685485
fraudulently,-8.02698685485
democratic,-7.62152174674
order,-8.02698685485
https://t.co/h1fg1grq99,-8.02698685485
wine,-8.02698685485
operations,-8.02698685485
senators,-8.02698685485
office,-8.02698685485
over,-6.0810767058
credit.‚Äù,-8.02698685485
@senatemajldr,-7.62152174674
innovative,-8.02698685485
japan,-7.62152174674
TRUE,-7.11069612298
mayor,-8.02698685485
before,-7.11069612298
‚Äúdangerous‚Äù,-8.02698685485
.@tedcruz,-8.02698685485
highlights,-8.02698685485
writing,-8.02698685485
better,-7.33383967429
illegitimately,-8.02698685485
then,-7.11069612298
them,-6.77422388636
affected,-8.02698685485
break,-8.02698685485
they,-5.00656196871
@tomfitton,-6.77422388636
classified,-8.02698685485
victory,-8.02698685485
side,-7.62152174674
@cnn,-7.62152174674
schemes,-8.02698685485
financial,-8.02698685485
independent,-8.02698685485
crimes,-7.62152174674
#g7biarritz,-8.02698685485
celebrating,-8.02698685485
https://t.co/gm0y‚Ä¶,-8.02698685485
hosted,-8.02698685485
navy,-7.62152174674
borne,-8.02698685485
https://t.co/lkoighk4mh,-8.02698685485
maduro,-8.02698685485
george,-8.02698685485
encourage,-8.02698685485
.....the,-8.02698685485
venezuela,-8.02698685485
independence,-8.02698685485
https://t.co/qaskw8iwnz,-8.02698685485
turning,-8.02698685485
https://t.c‚Ä¶,-8.02698685485
hassett,-8.02698685485
(returned,-8.02698685485
little,-7.62152174674
free,-8.02698685485
vets,-8.02698685485
wanted,-7.62152174674
created,-7.62152174674
messages,-8.02698685485
days,-7.62152174674
renew,-8.02698685485
can‚Äôt,-6.92837456618
henry‚Ä¶,-8.02698685485
mouth,-8.02698685485
industrial,-8.02698685485
primary,-7.33383967429
hearing,-8.02698685485
‚Äúbig,-8.02698685485
adopted,-8.02698685485
another,-7.11069612298
anyone,-8.02698685485
service,-7.62152174674
fabrication),-8.02698685485
hilton,-7.62152174674
‚Å£on,-8.02698685485
approximately,-8.02698685485
needed,-8.02698685485
üëä,-8.02698685485
john,-7.62152174674
listen,-8.02698685485
tool,-7.62152174674
took,-7.33383967429
texas.,-8.02698685485
FALSE,-7.62152174674
frankly,-8.02698685485
immigrants,-7.62152174674
@jefflandry,-8.02698685485
rate,-6.92837456618
preparation,-8.02698685485
don‚Äôt,-5.88692069136
speaking,-8.02698685485
‚Äúwhen,-8.02698685485
fashion,-8.02698685485
we‚Äôve,-7.33383967429
mine,-8.02698685485
spent,-8.02698685485
manner,-8.02698685485
media‚Äôs,-8.02698685485
seen,-7.11069612298
seem,-8.02698685485
seek,-8.02698685485
forced,-7.62152174674
1619,-8.02698685485
china‚Äôs,-8.02698685485
louisiana‚Äôs,-8.02698685485
though,-7.33383967429
germany,-8.02698685485
treasonous,-8.02698685485
antifa,-8.02698685485
devastating,-8.02698685485
swamp,-8.02698685485
storm,-7.62152174674
tech,-8.02698685485
doesn‚Äôt,-8.02698685485
responded,-8.02698685485
came,-8.02698685485
reserve,-7.62152174674
advisory,-8.02698685485
probe,-7.62152174674
ending,-8.02698685485
solutions,-8.02698685485
@uscg,-7.62152174674
judges,-8.02698685485
headline,-8.02698685485
explain,-7.62152174674
unemployment,-6.52290945808
deepest,-8.02698685485
foolishly,-8.02698685485
@lukepascal2,-8.02698685485
watch,-6.64069249373
despite,-7.62152174674
report,-6.15518467795
nasty,-8.02698685485
f...ing,-8.02698685485
@govrondesantis,-7.33383967429
countries,-7.33383967429
nicely,-8.02698685485
https://t.co/jbxaxw3sha,-8.02698685485
collusion,-6.15518467795
briefed,-8.02698685485
‚Äújames,-8.02698685485
flagged,-8.02698685485
secretary,-8.02698685485
#americanow‚Ä¶,-8.02698685485
fair,-8.02698685485
@vcfd,-8.02698685485
corrupt,-7.11069612298
best,-7.11069612298
said,-6.92837456618
mitch,-8.02698685485
interviewing,-8.02698685485
gentleman,-8.02698685485
nadler,-7.62152174674
there's,-8.02698685485
pets,-8.02698685485
hopefully,-7.62152174674
approach,-8.02698685485
colleagues‚Äô,-8.02698685485
weak,-7.11069612298
however,-8.02698685485
recent,-8.02698685485
visited,-8.02698685485
news,-5.77569505625
faced,-8.02698685485
received,-8.02698685485
protect,-7.62152174674
country,-6.01208383431
against,-7.33383967429
games,-8.02698685485
@wallstreetjour,-8.02698685485
faces,-8.02698685485
distinction,-8.02698685485
asked,-7.62152174674
(strong,-8.02698685485
tough,-8.02698685485
dems‚Äô,-8.02698685485
trust,-7.62152174674
https://t.co/vtqnuwdhjb,-8.02698685485
targeting,-7.62152174674
jobless,-8.02698685485
three,-8.02698685485
been,-6.0810767058
quickly,-7.62152174674
much,-6.23522738562
interest,-7.62152174674
expected,-8.02698685485
‚Äúare,-8.02698685485
incompetent,-8.02698685485
questioned,-8.02698685485
.@rudygiuliani,-8.02698685485
families,-8.02698685485
innocent,-7.62152174674
concerning,-8.02698685485
republicans,-7.11069612298
wish,-8.02698685485
confinement,-8.02698685485
haters,-8.02698685485
east,-8.02698685485
tank,-8.02698685485
kentucky,-7.62152174674
@presssec,-8.02698685485
but....,-8.02698685485
property,-7.62152174674
anchor,-8.02698685485
"had""https://t.co/boz6nra5ho",-8.02698685485
seven,-8.02698685485
#mediamiss,-8.02698685485
player,-8.02698685485
breakfast,-7.62152174674
https://t.co/csumc56cni,-8.02698685485
emergency,-8.02698685485
things,-7.11069612298
make,-6.15518467795
potentially,-8.02698685485
gateways,-8.02698685485
us-china,-8.02698685485
meets,-8.02698685485
leftist,-8.02698685485
....president,-8.02698685485
misery,-8.02698685485
possible,-8.02698685485
‚Äúdemocrats,-8.02698685485
opportunity,-8.02698685485
thoughts,-7.62152174674
shortly,-7.11069612298
https://t.co/kcbonfeibv,-8.02698685485
https://t.co/9fcqsur5bp,-8.02698685485
ha‚Ä¶,-8.02698685485
hispanic,-7.62152174674
practices,-7.62152174674
subpoena,-7.33383967429
claims,-8.02698685485
alabama,-8.02698685485
....amounts,-8.02698685485
spencer,-8.02698685485
left,-6.92837456618
unified,-8.02698685485
just,-5.88692069136
sentence,-8.02698685485
@hughhewitt,-7.33383967429
sleepy,-7.33383967429
unfair,-7.62152174674
perfect),-8.02698685485
thanks,-7.62152174674
buyers,-8.02698685485
....rid,-8.02698685485
passive,-8.02698685485
wedding,-8.02698685485
greatly,-8.02698685485
board,-8.02698685485
easy,-7.11069612298
save,-8.02698685485
him...,-8.02698685485
@thehill,-8.02698685485
@nytimes,-8.02698685485
rapidly,-8.02698685485
fallout from ig's scathing comey report,-8.02698685485
‚Äúhurt.‚Äù,-8.02698685485
do-overs,-8.02698685485
@borisjohnson,-8.02698685485
govt,-8.02698685485
@realdonaldtrump.‚Ä¶,-8.02698685485
apart,-8.02698685485
cnn‚Äôs,-8.02698685485
https://t.co/mgq0xxin0s,-8.02698685485
hunt,-6.64069249373
country.,-8.02698685485
the great one‚Ä¶,-8.02698685485
night,-7.62152174674
security,-7.11069612298
https://t.co/gr71z1au8b,-8.02698685485
cowardice,-8.02698685485
attorney,-8.02698685485
right,-6.92837456618
deal,-7.11069612298
people,-5.28614683093
‚Äúdig,-8.02698685485
worl‚Ä¶,-8.02698685485
donald,-7.33383967429
dorian,-8.02698685485
election,-7.11069612298
win.‚Äù,-8.02698685485
harassment,-7.33383967429
enemies,-8.02698685485
friend,-7.11069612298
@marklevinshow,-7.62152174674
investigations,-8.02698685485
everything,-7.62152174674
asking,-7.62152174674
beating,-8.02698685485
‚Äústock,-8.02698685485
espionage,-8.02698685485
platfo‚Ä¶,-8.02698685485
deleted,-8.02698685485
burn,-8.02698685485
criminals,-8.02698685485
sleepycreepy,-8.02698685485
burr,-7.62152174674
post,-8.02698685485
manufacturing,-8.02698685485
takes,-8.02698685485
attacks,-8.02698685485
dollars,-6.77422388636
@dailycaller,-7.33383967429
plus,-7.33383967429
marshal,-8.02698685485
part‚Ä¶,-8.02698685485
raised,-8.02698685485
statements,-8.02698685485
facility,-8.02698685485
us‚Ä¶,-8.02698685485
intellectual,-8.02698685485
down,-6.64069249373
lies,-7.62152174674
https://t.co/advmn9hzw7,-8.02698685485
nunes,-8.02698685485
america,-6.15518467795
crowd,-8.02698685485
support,-7.62152174674
awards....,-8.02698685485
absolutely,-8.02698685485
here‚Äôs,-7.62152174674
happy,-7.33383967429
lowest,-7.33383967429
head,-8.02698685485
washed,-8.02698685485
touch.‚Äù,-8.02698685485
....is,-8.02698685485
manufacturers,-7.62152174674
‚Äúbrilliantly‚Äù,-7.62152174674
some,-7.62152174674
heal,-8.02698685485
ther‚Ä¶,-8.02698685485
....if,-7.62152174674
lows,-8.02698685485
heap,-8.02698685485
hoosier,-8.02698685485
sustained,-8.02698685485
....in,-8.02698685485
delegation,-8.02698685485
counsel,-8.02698685485
'god,-8.02698685485
economic,-8.02698685485
proud,-8.02698685485
liberal,-8.02698685485
classic,-8.02698685485
request,-8.02698685485
evidence,-8.02698685485
somebody,-8.02698685485
prayer,-7.62152174674
trip,-8.02698685485
shit,-8.02698685485
when,-5.88692069136
handed,-8.02698685485
flood,-8.02698685485
interested,-7.62152174674
jong,-7.62152174674
joni,-8.02698685485
picture,-8.02698685485
fell,-8.02698685485
ÌïúÍµ≠Ï†ÑÏüÅ‚Ä¶,-8.02698685485
weekend,-8.02698685485
tapper,-8.02698685485
billion,-7.33383967429
happening,-8.02698685485
apology,-8.02698685485
home,-8.02698685485
together,-7.33383967429
https://t.co/je35yonsry,-8.02698685485
time,-6.64069249373
push,-8.02698685485
serious,-7.62152174674
a‚Ä¶,-8.02698685485
cincinnati,-8.02698685485
chain,-8.02698685485
rating,-8.02698685485
fabricated,-8.02698685485
mcgahn,-8.02698685485
suppo‚Ä¶,-8.02698685485
chair,-8.02698685485
digenova,-8.02698685485
father,-8.02698685485
@tuckercarlson,-7.33383967429
promoting,-7.62152174674
economy:*263000,-8.02698685485
@govmikehuckabee,-8.02698685485
@rmooredenton,-8.02698685485
@faithandfreedom,-8.02698685485
sloppy,-8.02698685485
merit,-8.02698685485
anonymous,-8.02698685485
cook,-8.02698685485
airing,-8.02698685485
level,-7.33383967429
democrat,-7.62152174674
culminating,-8.02698685485
leave,-8.02698685485
solved,-8.02698685485
team,-8.02698685485
@devinnunes,-8.02698685485
@gop,-8.02698685485
round,-8.02698685485
brave,-8.02698685485
says,-8.02698685485
cost,-8.02698685485
eating,-8.02698685485
elton,-8.02698685485
stands,-7.62152174674
@realdonaldtrump‚Äôs,-8.02698685485
.....chairman,-8.02698685485
kiriakou,-8.02698685485
kavanaugh,-8.02698685485
goes,-8.02698685485
international,-8.02698685485
‚Äúnot,-8.02698685485
@potus,-7.62152174674
https://t.co/szt60k4sw3,-8.02698685485
https://t.co/ham2rwreka,-8.02698685485
witch,-6.64069249373
persecuted,-8.02698685485
roaring,-8.02698685485
change,-8.02698685485
2016....,-8.02698685485
guilty,-8.02698685485
accomplished,-8.02698685485
ineffective,-8.02698685485
#coastinc,-8.02698685485
@msnbc,-8.02698685485
....chariman,-8.02698685485
shootings,-8.02698685485
love,-7.11069612298
confidentiality,-8.02698685485
@greggjarrett,-8.02698685485
#jobs‚Ä¶,-8.02698685485
fake,-5.94754531317
scam,-8.02698685485
crisis,-7.62152174674
market,-8.02698685485
everybody,-7.62152174674
https://t.co/h687vwiddi,-8.02698685485
working,-6.64069249373
angry,-7.11069612298
retweeted,-8.02698685485
france,-7.62152174674
scenarios,-8.02698685485
live,-7.62152174674
memory,-8.02698685485
today,-6.92837456618
introducing,-8.02698685485
clue,-7.62152174674
conversationhttps://t.co/vvedqbx8e7,-8.02698685485
effort,-7.33383967429
behalf,-7.62152174674
pushed,-7.62152174674
thousands,-8.02698685485
labeled,-8.02698685485
following,-8.02698685485
making,-7.11069612298
@robcoltoff,-8.02698685485
crazy,-8.02698685485
northrrn,-8.02698685485
stream,-8.02698685485
lobbying,-8.02698685485
december,-8.02698685485
heard,-7.62152174674
allowed,-6.77422388636
great...,-7.62152174674
occur,-8.02698685485
productive,-8.02698685485
divided,-8.02698685485
sunday,-8.02698685485
vital,-8.02698685485
ensure,-7.62152174674
economy,-6.77422388636
unbelievable,-8.02698685485
huge,-8.02698685485
southern,-8.02698685485
crashed,-8.02698685485
daughter‚Äôs,-8.02698685485
produce,-8.02698685485
designed,-8.02698685485
such,-6.64069249373
remember,-7.62152174674
pressure‚Äùhttps://t.co/v0na0xeohu,-8.02698685485
stupidly,-8.02698685485
meddle,-8.02698685485
automatically,-8.02698685485
african,-8.02698685485
talk,-6.92837456618
serving,-7.62152174674
words,-7.33383967429
#militaryspouses,-8.02698685485
shou‚Ä¶,-8.02698685485
years,-6.41754894242
course,-7.11069612298
cuts,-7.33383967429
still,-7.33383967429
worship,-8.02698685485
tore,-8.02698685485
thank,-5.88692069136
interesting,-8.02698685485
@sandrasmithfox,-8.02698685485
Ï†ïÏÉÅÏùò,-8.02698685485
gazan,-8.02698685485
policy,-8.02698685485
msnbc,-8.02698685485
bipartisan,-7.62152174674
texas,-7.33383967429
happened,-7.62152174674
expectations.*5.4m,-8.02698685485
smarter,-8.02698685485
nation,-7.62152174674
retrain,-8.02698685485
https://t.co/op8bvv9i1e,-8.02698685485
half,-8.02698685485
rescind,-8.02698685485
term,-7.62152174674
attorneys,-8.02698685485
‚Äúthis,-7.62152174674
revolution.‚Äù,-8.02698685485
trump‚Äôs,-8.02698685485
fired,-8.02698685485
badly,-8.02698685485
headwinds,-8.02698685485
cops.‚Äù,-8.02698685485
https://t.co/1a7zphae6z,-8.02698685485
year,-7.11069612298
happen,-6.92837456618
giddy,-8.02698685485
napolitano,-8.02698685485
opened,-8.02698685485
space,-8.02698685485
@hh41848213,-8.02698685485
(tariffs),-8.02698685485
looking,-7.33383967429
investigation,-7.62152174674
suggesting,-8.02698685485
correct,-8.02698685485
shows,-8.02698685485
rebuilding,-8.02698685485
wasn‚Äôt,-8.02698685485
million,-7.11069612298
pumping,-8.02698685485
@jpsal123,-8.02698685485
@realdonaldtrump,-5.31893665375
california,-8.02698685485
spied,-8.02698685485
care,-6.92837456618
discussing,-8.02698685485
thing,-7.11069612298
lindsey,-8.02698685485
place,-7.62152174674
think,-6.92837456618
first,-7.62152174674
saving,-8.02698685485
@donaldjtrumpjr,-6.77422388636
https://t.co/nrpebkpbww,-8.02698685485
@thebluehousekr,-8.02698685485
americans,-7.33383967429
long,-7.33383967429
suspended,-8.02698685485
carry,-8.02698685485
open,-7.33383967429
tomorrow,-8.02698685485
millions,-7.62152174674
city,-8.02698685485
given,-7.11069612298
@chatbycc,-8.02698685485
#dorian‚Äôs,-8.02698685485
bahamas,-8.02698685485
tragic,-8.02698685485
white,-7.33383967429
williams,-8.02698685485
perino,-8.02698685485
mostly,-8.02698685485
that,-4.73114998885
taxation,-8.02698685485
continuous,-8.02698685485
subpoenas,-7.62152174674
released,-7.62152174674
hillary,-8.02698685485
ridiculous,-8.02698685485
un‚Ä¶,-8.02698685485
representing,-7.62152174674
than,-6.01208383431
here's,-8.02698685485
huckabee,-8.02698685485
cartels,-8.02698685485
lmao,-8.02698685485
election‚Ä¶angry,-8.02698685485
rival,-8.02698685485
@senrobportman,-7.62152174674
10:00,-8.02698685485
‚Äúspeak‚Äù,-7.62152174674
future,-8.02698685485
were,-6.77422388636
@judicialwatch,-7.11069612298
oath,-8.02698685485
russia,-6.77422388636
Ìïú.ÎØ∏,-8.02698685485
nicer,-8.02698685485
locations,-8.02698685485
voices,-8.02698685485
conspiracy,-7.62152174674
anger,-8.02698685485
turner,-8.02698685485
kevin,-7.11069612298
‚Å¶@jsolomonreports‚Å©,-8.02698685485
ideas,-8.02698685485
potential,-7.62152174674
take,-7.62152174674
destroy,-7.62152174674
wonder,-8.02698685485
begin,-8.02698685485
sure,-7.11069612298
pain,-8.02698685485
ukrainian,-7.62152174674
track,-8.02698685485
price,-8.02698685485
knew,-8.02698685485
spewing,-8.02698685485
paid,-7.62152174674
falls,-8.02698685485
importantly,-8.02698685485
sh‚Ä¶,-8.02698685485
cleared,-7.62152174674
pages,-8.02698685485
especially,-7.62152174674
average,-8.02698685485
later,-8.02698685485
wing,-8.02698685485
ways,-8.02698685485
@rafbo5,-8.02698685485
senior,-8.02698685485
laws,-7.62152174674
perpetrated,-8.02698685485
maxine,-8.02698685485
show,-7.33383967429
@arifleischer,-8.02698685485
https://t.co/llodwzr4in,-8.02698685485
‚Äúthe,-7.11069612298
ground,-8.02698685485
slow,-8.02698685485
@lauren_southern,-8.02698685485
behind,-7.62152174674
crime,-6.77422388636
only,-5.94754531317
going,-6.77422388636
black,-8.02698685485
https://t.co/qadi7ud5u4,-8.02698685485
congressional,-8.02698685485
body‚Ä¶,-8.02698685485
info,-8.02698685485
‚Äúmentally‚Äù,-8.02698685485
congratulations,-8.02698685485
truly,-7.33383967429
cannot,-6.92837456618
outlet,-8.02698685485
hurricane-forc‚Ä¶,-8.02698685485
prime,-7.62152174674
@53rdwrs,-8.02698685485
borrow,-8.02698685485
morning,-7.33383967429
stupid,-8.02698685485
predicted,-8.02698685485
scott,-8.02698685485
where,-7.62152174674
vision,-7.62152174674
https://t.co/14o0j9azfj,-8.02698685485
congress......,-8.02698685485
relative,-8.02698685485
elected,-7.11069612298
seal,-8.02698685485
encouraged,-8.02698685485
@byronyork,-7.11069612298
farmers,-6.64069249373
federal,-7.11069612298
it is disheartening that families continue to put their lives and the lives of their children at risk of drowning and heat‚Ä¶,-8.02698685485
representatives,-8.02698685485
enough,-7.62152174674
import,-8.02698685485
reading,-7.62152174674
@repralphnorman,-8.02698685485
infrastructure,-8.02698685485
jobs,-6.41754894242
killing,-7.62152174674
üöõüöö,-8.02698685485
come,-7.33383967429
@senatorwicker,-8.02698685485
talented,-8.02698685485
many,-6.41754894242
according,-8.02698685485
@loudobbs,-7.62152174674
tour,-8.02698685485
https://t.co/kkzwspm93a,-8.02698685485
comey,-7.33383967429
senator,-7.33383967429
https://t.co/g4w2ldxem8,-8.02698685485
comes,-7.33383967429
@rncresearch,-6.77422388636
@randpaul,-8.02698685485
@greta,-8.02698685485
period,-8.02698685485
pundits,-8.02698685485
disgrace,-8.02698685485
poll,-8.02698685485
boat,-8.02698685485
turkey,-7.11069612298
that......,-8.02698685485
@texan_21c,-8.02698685485
micha‚Ä¶,-8.02698685485
mark,-6.52290945808
dangers,-8.02698685485
borders,-7.62152174674
mary,-8.02698685485
deroy,-8.02698685485
i‚Ä¶,-8.02698685485
wounds,-8.02698685485
photos,-8.02698685485
minister,-7.62152174674
champions,-8.02698685485
those,-7.33383967429
case,-6.92837456618
myself,-7.62152174674
these,-6.64069249373
ongoing,-8.02698685485
policies,-7.33383967429
#eddiegallagher,-8.02698685485
engaged,-7.62152174674
cluster,-8.02698685485
https://t.co/dwqr11geng,-8.02698685485
stimulus.‚Äù,-8.02698685485
@mofa_kr,-8.02698685485
blasts,-8.02698685485
different,-8.02698685485
https://t.co/axeuwcptc1,-8.02698685485
media,-6.23522738562
https://t.co/trof5ivmwq,-8.02698685485
same,-8.02698685485
check,-7.62152174674
buys,-7.62152174674
‚úàÔ∏è‚õàüå™üåä,-8.02698685485
stepped,-8.02698685485
@marshablackburn,-8.02698685485
week,-8.02698685485
https://t.co/isqrfz7kjo,-8.02698685485
finish,-8.02698685485
....the,-7.62152174674
director,-8.02698685485
@thomtillis,-8.02698685485
totally,-6.92837456618
costa,-8.02698685485
drain,-8.02698685485
ranch,-8.02698685485
constitutional,-8.02698685485
without,-6.77422388636
can't,-8.02698685485
justify,-8.02698685485
being,-6.23522738562
money,-7.33383967429
sequel‚Äù,-8.02698685485
violent,-8.02698685485
speed,-8.02698685485
https://t.co/ptlqvznwqy,-8.02698685485
3:28am,-8.02698685485
thinking,-8.02698685485
we've,-8.02698685485
seems,-8.02698685485
except,-8.02698685485
it‚Äôs,-6.64069249373
setting,-8.02698685485
@sergiogor,-8.02698685485
@edhenrynews,-8.02698685485
real,-6.64069249373
around,-7.11069612298
desperately,-8.02698685485
read,-7.62152174674
regis,-8.02698685485
politely,-8.02698685485
world,-7.33383967429
intel,-7.11069612298
https://t.co/3f1yifarg6,-8.02698685485
serves,-8.02698685485
chamber,-8.02698685485
audience,-8.02698685485
fully,-7.11069612298
https://t.co/itl0i0iipd,-8.02698685485
al‚Ä¶,-7.62152174674
‚Äúthey,-8.02698685485
competition,-8.02698685485
demeaning,-8.02698685485
ohio.,-8.02698685485
enacting,-8.02698685485
booming,-7.62152174674
in‚Ä¶,-8.02698685485
@anshulblp1996,-8.02698685485
moon,-7.62152174674
critical,-8.02698685485
‚Äútrump‚Äù,-8.02698685485
‚Äúcompetition,-8.02698685485
considering,-8.02698685485
power,-8.02698685485
@nallieman,-8.02698685485
john‚Äôs,-8.02698685485
leadership,-7.62152174674
stops,-8.02698685485
https://t.co/6bzwh78i00,-8.02698685485
helping,-7.62152174674
island,-7.62152174674
violence,-8.02698685485
stand,-8.02698685485
testimony,-7.62152174674
marriott,-8.02698685485
mean,-7.62152174674
@usbpchief,-8.02698685485
Î∞õÍ≥†,-8.02698685485
spreading,-8.02698685485
@trumpstudents,-8.02698685485
fisa,-8.02698685485
parties,-8.02698685485
accumulated,-8.02698685485
your,-6.64069249373
800000,-8.02698685485
removing,-8.02698685485
strictly,-8.02698685485
there,-5.82976227752
alleged,-8.02698685485
start,-6.92837456618
spyin‚Ä¶,-8.02698685485
https://t.co/spixlgkhxz,-8.02698685485
https‚Ä¶,-7.62152174674
c‚Ä¶,-8.02698685485
complete,-8.02698685485
https://t.co/‚Ä¶,-8.02698685485
principles,-8.02698685485
hurricanes,-8.02698685485
trying,-8.02698685485
with,-4.60926017124
rebuilt,-8.02698685485
fraud,-8.02698685485
wasn't,-8.02698685485
dirty,-8.02698685485
abuses,-8.02698685485
agree,-7.11069612298
wants,-7.33383967429
#maga,-8.02698685485
johnny,-8.02698685485
certain,-8.02698685485
more‚Ä¶,-8.02698685485
moved,-8.02698685485
currencies,-8.02698685485
general,-7.62152174674
excusing,-8.02698685485
daily,-8.02698685485
lifetime,-8.02698685485
operation,-7.62152174674
@wesupport45,-8.02698685485
again,-6.77422388636
yoga,-8.02698685485
deserve,-8.02698685485
field,-8.02698685485
summit,-8.02698685485
263000,-8.02698685485
.@senatorisakson,-8.02698685485
trash,-8.02698685485
call),-8.02698685485
immunity,-8.02698685485
congress,-7.62152174674
separate,-8.02698685485
important,-6.92837456618
@richlowry,-8.02698685485
of‚Ä¶,-8.02698685485
pelosi,-7.33383967429
building,-8.02698685485
stro‚Ä¶,-8.02698685485
calls,-7.62152174674
fraudulent,-7.62152174674
corey,-8.02698685485
adam,-7.33383967429
overseas,-8.02698685485
original,-8.02698685485
curate,-8.02698685485
forget,-7.62152174674
chinese,-8.02698685485
caused,-8.02698685485
dollar,-7.11069612298
g-20,-8.02698685485
schiff,-6.77422388636
(is),-8.02698685485
they‚Äôre,-8.02698685485
lawmakers,-7.62152174674
wa‚Ä¶,-8.02698685485
explanati‚Ä¶,-8.02698685485
@rushlimbaugh,-8.02698685485
worse,-8.02698685485
returning,-8.02698685485
very,-5.54208020506
trillions,-8.02698685485
worst,-8.02698685485
decide,-8.02698685485
fall,-8.02698685485
untaxed,-8.02698685485
labor,-7.62152174674
steve,-7.33383967429
list,-7.62152174674
large,-8.02698685485
sane,-8.02698685485
@mzhemingway,-8.02698685485
small,-7.62152174674
conflicted,-8.02698685485
@narrow_p,-8.02698685485
paso,-6.92837456618
past,-7.62152174674
zero,-7.33383967429
@hinotrucksusa,-8.02698685485
lawyer,-7.62152174674
flashback,-8.02698685485
what,-6.23522738562
richard,-7.33383967429
clock,-8.02698685485
Ï¥àÏÜåÎäî,-8.02698685485
anniversary,-8.02698685485
apologized,-8.02698685485
learned,-8.02698685485
public,-7.62152174674
full,-7.11069612298
iran,-7.33383967429
hours,-7.62152174674
strong,-7.11069612298
arena,-7.33383967429
naval,-8.02698685485
ahead,-8.02698685485
inspired,-8.02698685485
experience,-8.02698685485
@jerusalem_post,-8.02698685485
tiffany,-8.02698685485
social,-8.02698685485
@usacehq,-8.02698685485
palais,-8.02698685485
family,-7.62152174674
https://t.co/uo51yn5ptx,-8.02698685485
@redcross,-7.62152174674
attendance,-8.02698685485
mcconnell‚Ä¶,-8.02698685485
finally,-7.62152174674
vote,-7.62152174674
@realsaavedra,-7.62152174674
taken,-8.02698685485
....having,-8.02698685485
fraudster,-8.02698685485
more,-5.58463981948
israel,-8.02698685485
knows,-7.62152174674
&amp,-4.98246441713
@senthomtillis,-7.33383967429
company,-7.62152174674
portman,-8.02698685485
stick,-8.02698685485
broke,-8.02698685485
known,-8.02698685485
dir‚Ä¶,-8.02698685485
respected,-8.02698685485
keeping,-7.33383967429
hour,-8.02698685485
middle,-8.02698685485
bogged.....,-8.02698685485
remain,-7.62152174674
learn,-8.02698685485
strategies,-8.02698685485
excursion,-8.02698685485
history,-7.62152174674
beautiful,-7.62152174674
level...,-8.02698685485
impacts,-8.02698685485
stated,-8.02698685485
lives,-8.02698685485
correctness,-8.02698685485
share,-8.02698685485
accept,-8.02698685485
@senateag,-8.02698685485
states,-6.77422388636
biden,-6.92837456618
numbers,-7.33383967429
station,-8.02698685485
condemn,-8.02698685485
information,-7.62152174674
needs,-8.02698685485
court,-7.11069612298
#tomfazios,-8.02698685485
breaking,-7.62152174674
https://t.co/gissidbewr,-8.02698685485
@mpinoe,-8.02698685485
y‚Ä¶,-8.02698685485
sacred,-8.02698685485
up‚Ä¶,-8.02698685485
tried,-8.02698685485
pertained,-8.02698685485
https://t.co/tg32cxb1lq,-8.02698685485
coming,-7.11069612298
choice,-8.02698685485
short,-8.02698685485
dream,-8.02698685485
playing,-8.02698685485
greats,-8.02698685485
@washingtonpost,-8.02698685485
help,-6.64069249373
don't,-8.02698685485
september,-8.02698685485
heartfelt,-8.02698685485
soon,-7.62152174674
trade,-6.92837456618
already,-6.77422388636
through,-7.62152174674
committee,-7.62152174674
committed,-8.02698685485
broadway,-8.02698685485
smiling,-7.62152174674
trouble,-8.02698685485
dummies,-8.02698685485
*criminal,-8.02698685485
https://t.co‚Ä¶,-8.02698685485
pray,-7.62152174674
actually,-6.77422388636
soccer,-8.02698685485
good,-6.41754894242
https://t.co/ztwemmzkf8,-8.02698685485
https://t.co/danpbhq‚Ä¶,-8.02698685485
icymi,-8.02698685485
communities,-8.02698685485
all',-8.02698685485
easily,-8.02698685485
always,-7.62152174674
bless,-7.62152174674
erd‚Ä¶,-8.02698685485
stopped,-8.02698685485
found,-7.11069612298
syria.the,-8.02698685485
referred,-8.02698685485
everyone,-6.92837456618
house,-6.77422388636
energy,-7.62152174674
hard,-8.02698685485
portland,-8.02698685485
beyond,-8.02698685485
event,-8.02698685485
really,-7.33383967429
magnet,-8.02698685485
lovers,-8.02698685485
robert,-8.02698685485
since,-6.77422388636
testify,-8.02698685485
research,-8.02698685485
acting,-8.02698685485
safety,-8.02698685485
donors‚Äù,-8.02698685485
issue,-7.62152174674
pathetic,-7.62152174674
probe.‚Äù,-8.02698685485
horse,-8.02698685485
‚Äúgreen‚Äù,-8.02698685485
reason,-7.11069612298
base,-7.62152174674
members,-8.02698685485
https://t.co/w6o2jkaxz7,-8.02698685485
@olivermcgee,-8.02698685485
owners,-7.62152174674
terrible,-7.11069612298
mexico*,-8.02698685485
american,-6.52290945808
mail:nh,-8.02698685485
threat,-8.02698685485
https://t.co/tajlorpfze,-8.02698685485
major,-8.02698685485
@business,-8.02698685485
radical,-6.92837456618
number,-8.02698685485
instances,-8.02698685485
done,-6.77422388636
wages,-8.02698685485
miss,-8.02698685485
@nhc_atlantic,-7.62152174674
story,-6.92837456618
countries...,-8.02698685485
upended.‚Äù,-8.02698685485
leading,-8.02698685485
Î∞îÎùºÎ≥¥Î©∞,-8.02698685485
regulation,-8.02698685485
wonderful,-7.62152174674
statement,-7.33383967429
sympathies,-8.02698685485
passed,-8.02698685485
fnc‚Äôs,-8.02698685485
hotel,-8.02698685485
interviewed,-8.02698685485
part,-7.62152174674
@erictrump,-8.02698685485
believe,-7.11069612298
media's,-8.02698685485
obama,-7.11069612298
@senatorburr,-8.02698685485
2020,-7.33383967429
treated,-8.02698685485
lewandowski,-8.02698685485
outstanding,-7.62152174674
usmca,-8.02698685485
juice,-8.02698685485
manuscript,-8.02698685485
surprise‚Ä¶,-8.02698685485
fading,-8.02698685485
ratings,-8.02698685485
relationship,-8.02698685485
also,-6.77422388636
costs,-8.02698685485
build,-8.02698685485
https://t.co/pqlnfiulml,-8.02698685485
play,-7.62152174674
added,-7.62152174674
dayton,-7.33383967429
firsthand,-8.02698685485
@senrickscott,-8.02698685485
much.‚Äù,-8.02698685485
most,-7.33383967429
eaten,-8.02698685485
000 ",-8.02698685485
nothing,-6.92837456618
people....,-8.02698685485
extremely,-7.62152174674
w‚Ä¶,-8.02698685485
constitution,-8.02698685485
won‚Äôt,-7.11069612298
loopholes,-8.02698685485
voters‚Äùhttps://t.co/fwmnnrl9po,-8.02698685485
re-election‚Äù,-8.02698685485
lying,-7.62152174674
favorable,-8.02698685485
didn‚Äôt,-6.92837456618
knowingly,-8.02698685485
businesses,-8.02698685485
renegotiate,-7.62152174674
impact,-7.62152174674
giant,-8.02698685485
(and,-8.02698685485
securing,-8.02698685485
justice,-8.02698685485
(grapes),-8.02698685485
heavily,-8.02698685485
unhappy,-8.02698685485
failed,-8.02698685485
‚Äúin,-8.02698685485
policing,-8.02698685485
express,-8.02698685485
records‚Ä¶,-8.02698685485
th‚Ä¶,-7.62152174674
closely,-8.02698685485
reporters,-7.62152174674
emails,-8.02698685485
grievances,-8.02698685485
@senategop,-7.33383967429
resolve,-8.02698685485
showed,-8.02698685485
generally,-8.02698685485
remove,-8.02698685485
watched,-7.62152174674
.@senatorburr,-8.02698685485
ivanka,-8.02698685485
pow‚Ä¶,-8.02698685485
wrote,-7.33383967429
barr,-7.62152174674
achieved,-8.02698685485
intelligence,-8.02698685485
gro‚Ä¶,-8.02698685485
https://t.co/h6hksqfcjd,-8.02698685485
close,-8.02698685485
acts,-8.02698685485
project,-8.02698685485
threats,-8.02698685485
....of,-8.02698685485
illegals,-8.02698685485
pictures,-8.02698685485
please,-7.62152174674
down.floridians,-8.02698685485
mcmaster,-8.02698685485
corruption,-8.02698685485
endure,-8.02698685485
europe,-8.02698685485
korea,-6.92837456618
creating,-8.02698685485
targeted,-8.02698685485
blatant,-8.02698685485
@marcorubio,-8.02698685485
both,-7.33383967429
last,-7.33383967429
discusses,-8.02698685485
whistleblowers,-7.62152174674
foreign,-8.02698685485
became,-7.62152174674
@gopchairwoman,-6.92837456618
#g20osakasummit,-8.02698685485
whole,-7.33383967429
messiah,-8.02698685485
‚Äúamerica‚Äù,-8.02698685485
being‚Ä¶,-8.02698685485
witschey,-8.02698685485
supply,-8.02698685485
reasons,-8.02698685485
steele,-8.02698685485
community,-8.02698685485
panicking,-8.02698685485
agents,-8.02698685485
shutdown,-8.02698685485
throughout,-7.62152174674
along,-7.62152174674
dwindling,-8.02698685485
raise,-8.02698685485
political,-7.33383967429
convicted,-8.02698685485
meeting,-7.33383967429
empty,-8.02698685485
https://t.co/nwi8a8tomb,-8.02698685485
sanders,-8.02698685485
fire,-7.11069612298
chatted,-8.02698685485
else,-7.33383967429
ente‚Ä¶,-8.02698685485
understand,-8.02698685485
specifically,-8.02698685485
prices,-7.33383967429
westerhout,-8.02698685485
poised,-8.02698685485
evangelical,-8.02698685485
stolen,-8.02698685485
look,-8.02698685485
judicial,-7.62152174674
governor,-8.02698685485
while,-6.32223876261
#specialneeds,-8.02698685485
pack,-8.02698685485
@diamondandsilk,-8.02698685485
voters,-8.02698685485
hoax,-7.62152174674
democrat.....,-8.02698685485
thos‚Ä¶,-8.02698685485
anymore,-7.62152174674
james,-8.02698685485
‚Äúcomey,-8.02698685485
grand,-8.02698685485
get‚Ä¶,-8.02698685485
used,-7.62152174674
lawyers,-8.02698685485
defeat,-8.02698685485
throwback,-8.02698685485
yesterday,-7.62152174674
walmart,-8.02698685485
medicaid,-8.02698685485
#nationalemergency,-8.02698685485
@whitehouse,-7.11069612298
@lrihendry,-8.02698685485
@msnbc....,-8.02698685485
poland,-8.02698685485
anybody,-8.02698685485
obviously,-8.02698685485
person,-8.02698685485
withdraw,-8.02698685485
@clewandowski_,-7.33383967429
know,-7.11069612298
i‚Äôm,-7.62152174674
slowly,-8.02698685485
i‚Äôd,-8.02698685485
using,-7.62152174674
dishonesty,-8.02698685485
letting,-8.02698685485
workers,-7.62152174674
barack,-8.02698685485
source,-8.02698685485
follow.,-8.02698685485
testimonies,-8.02698685485
@foxandfriends,-6.92837456618
chairman,-8.02698685485
victims,-7.62152174674
life-threatening,-8.02698685485
demands,-8.02698685485
showing,-8.02698685485
unlimited,-8.02698685485
game,-8.02698685485
dig up dirt on political rival.‚Äùpot‚Ä¶,-8.02698685485
@realdonaldtr‚Ä¶,-8.02698685485
lost,-7.11069612298
communications,-8.02698685485
continue,-6.77422388636
@usatoday,-8.02698685485
senate,-6.77422388636
partners‚Ä¶,-8.02698685485
back,-6.52290945808
couldn‚Äôt,-7.33383967429
understood,-8.02698685485
towards,-7.62152174674
delivered,-8.02698685485
contacts,-8.02698685485
decision,-7.62152174674
benefit,-8.02698685485
did senators forget that trump jr answered the questions already ,-8.02698685485
-@kayleighmcenany,-8.02698685485
shooters,-8.02698685485
@tommyhicksgop,-8.02698685485
continuing,-8.02698685485
agreement,-8.02698685485
stem,-8.02698685485
restrictive,-8.02698685485
santa,-8.02698685485
refuses,-8.02698685485
@jeremydboreing,-8.02698685485
....this,-8.02698685485
faith,-7.62152174674
goods,-7.62152174674
sharper,-8.02698685485
anything,-7.11069612298
@ivankatrump,-8.02698685485
deserves,-8.02698685485
slams,-8.02698685485
forgave,-8.02698685485
@ingrahamangle,-8.02698685485
congressman,-8.02698685485
seeing,-8.02698685485
üá∫üá∏‚ù§Ô∏èüá∫üá∏‚ù§Ô∏èüá∫üá∏,-8.02698685485
clinton,-7.62152174674
visit,-7.33383967429
into,-6.92837456618
within,-8.02698685485
nonsense,-7.62152174674
invading,-8.02698685485
harasses,-8.02698685485
‚Äúi,-8.02698685485
spending,-8.02698685485
question,-7.62152174674
fast,-7.62152174674
accountability,-8.02698685485
forward,-7.62152174674
opponent,-7.62152174674
immigration,-7.33383967429
properly,-8.02698685485
haven‚Äôt,-8.02698685485
authority,-8.02698685485
line,-8.02698685485
@fullmeasurenews,-8.02698685485
directed,-8.02698685485
pres,-8.02698685485
called,-7.62152174674
today‚Ä¶,-8.02698685485
u.s.a,-8.02698685485
provost,-8.02698685485
skimming,-8.02698685485
fabricating,-8.02698685485
rally,-7.62152174674
graham,-7.62152174674
....coyotes,-8.02698685485
s‚Ä¶,-7.62152174674
peace,-7.62152174674
unit‚Ä¶,-8.02698685485
invalid,-8.02698685485
excuses,-8.02698685485
department,-8.02698685485
nice,-7.62152174674
placeüá∫üá∏,-8.02698685485
resign,-8.02698685485
prepared,-8.02698685485
regulations,-8.02698685485
hoaxhttps://t.co/5jo4ugwm34,-8.02698685485
land,-7.62152174674
implies,-8.02698685485
today‚Äôs,-7.33383967429
implied,-8.02698685485
narrative,-8.02698685485
leaked,-7.62152174674
joining,-8.02698685485
saying,-8.02698685485
alien,-8.02698685485
farms,-8.02698685485
gang,-8.02698685485
winds,-8.02698685485
psycho,-8.02698685485
conservative,-8.02698685485
Î∂ÅÏ∏°ÏùÑ,-8.02698685485
@frankl‚Ä¶,-8.02698685485
send,-8.02698685485
truth...and,-8.02698685485
sent,-8.02698685485
confirmation,-8.02698685485
outside,-8.02698685485
automotive,-8.02698685485
continues,-7.33383967429
lou‚Äôs,-8.02698685485
rebuked,-8.02698685485
facebook,-7.62152174674
80th,-8.02698685485
more),-8.02698685485
categories,-8.02698685485
michael,-8.02698685485
deals,-7.33383967429
@mariabartiromo,-7.62152174674
race,-8.02698685485
insubordinate,-8.02698685485
bernie,-7.62152174674
concluded,-8.02698685485
@teamtrump,-8.02698685485
https://t.co/wj3wnymw0m,-8.02698685485
https://t.co/ctb5yjl1vb,-8.02698685485
carla,-8.02698685485
acid,-8.02698685485
gre‚Ä¶,-8.02698685485
business,-8.02698685485
giving,-8.02698685485
193000,-8.02698685485
hardest,-8.02698685485
access,-8.02698685485
huawei,-8.02698685485
19th,-8.02698685485
https://t.co/wydrmpfddk,-8.02698685485
‚Äúon,-8.02698685485
women‚Äôs,-8.02698685485
stance,-8.02698685485
@lindseygrahamsc,-8.02698685485
indicator,-8.02698685485
believed,-8.02698685485
packing,-8.02698685485
others,-7.62152174674
consideration,-8.02698685485
safer,-7.62152174674
https://t.co/oq0zaa3mid,-8.02698685485
ukraine,-7.11069612298
great,-4.95893391972
martinsville,-8.02698685485
involved,-8.02698685485
#nationaldayofprayer,-8.02698685485
leaving,-7.33383967429
products,-7.62152174674
derby,-7.62152174674
@politi_chatter,-8.02698685485
honor,-7.33383967429
named,-8.02698685485
apple,-7.62152174674
more.....,-7.62152174674
charge,-8.02698685485
private,-8.02698685485
https://t.co/vqvw5i8ngi,-8.02698685485
@kurtschlichter,-8.02698685485
trump,-5.62909158205
standing,-8.02698685485
from,-5.50125821054
https://t.co/fxss6eixs1,-8.02698685485
belittling,-8.02698685485
illegal,-6.92837456618
"$35,-8.02698685485
next,-8.02698685485
vehicle,-8.02698685485
he‚Äôs,-7.33383967429
themselves,-7.33383967429
pushback,-8.02698685485
formally,-8.02698685485
testified,-7.62152174674
opposing,-8.02698685485
@seanhannity,-8.02698685485
women,-7.33383967429
account,-8.02698685485
this,-4.95893391972
challenge,-8.02698685485
unreal,-8.02698685485
crossed,-8.02698685485
meet,-8.02698685485
@hellopolicy,-8.02698685485
control,-8.02698685485
patrol,-8.02698685485
process,-7.62152174674
https://t.co/4qwvkutg5t,-8.02698685485
high,-7.62152174674
pulling,-8.02698685485
mccarthy.‚Ä¶,-8.02698685485
united,-6.77422388636
destroying,-7.62152174674
huge credibility problem,-8.02698685485
hampshire,-8.02698685485
biarritz,-8.02698685485
establishment,-8.02698685485
stock,-8.02698685485
as‚Ä¶,-7.62152174674
farm,-8.02698685485
waters,-8.02698685485
https://t.co/7so7oyo6a9,-8.02698685485
abuse,-8.02698685485
tariffs,-6.77422388636
highlands,-8.02698685485
mov‚Ä¶,-8.02698685485
chief,-7.62152174674
realizes,-8.02698685485
allow,-8.02698685485
healthcare,-8.02698685485
‚Äúextremist‚Äù,-8.02698685485
move,-7.33383967429
@‚Ä¶,-8.02698685485
including,-7.62152174674
looks,-7.62152174674
shreds,-8.02698685485
crazy..,-8.02698685485
agricultural,-8.02698685485
perfect,-8.02698685485
winning,-7.62152174674
what‚Ä¶,-8.02698685485
permanent,-8.02698685485
2018,-8.02698685485
covered,-7.62152174674
2016,-7.33383967429
(r-nc),-8.02698685485
enemy,-8.02698685485
exist.‚Äù,-8.02698685485
than‚Ä¶,-8.02698685485
un‚Äôs,-8.02698685485
....when,-8.02698685485
@thehillopinion,-8.02698685485
republican,-7.11069612298
transparent,-8.02698685485
presidential,-6.77422388636
isn‚Äôt,-8.02698685485
‚Äústate,-8.02698685485
winds.,-8.02698685485
doing,-6.52290945808
apologize,-7.62152174674
t‚Ä¶,-8.02698685485
product,-7.11069612298
related,-8.02698685485
measure,-8.02698685485
agriculture,-7.62152174674
special,-7.62152174674
category,-7.33383967429
@edhenry,-7.62152174674
over‚Ä¶,-8.02698685485
enforceable,-8.02698685485
office.*un‚Ä¶,-8.02698685485
evacuation,-8.02698685485
announced,-7.11069612298
achievements,-8.02698685485
@trumpgolfphilly,-8.02698685485
completely,-8.02698685485
jill,-8.02698685485
york,-8.02698685485
https://t.co/sl00z17a3‚Ä¶,-8.02698685485
Ôªøbuild,-8.02698685485
could,-7.33383967429
florida,-8.02698685485
times,-7.62152174674
conversation,-7.33383967429
birthday,-7.62152174674
‚Äúmaga,-8.02698685485
https://t.co/cor06hurrw,-8.02698685485
issue‚Ä¶,-8.02698685485
south,-7.62152174674
[biden,-8.02698685485
paid‚Äù,-8.02698685485
powerful,-8.02698685485
disparagingly,-8.02698685485
cr‚Ä¶,-8.02698685485
system,-7.62152174674
rasmussen,-8.02698685485
....employment,-8.02698685485
their,-6.15518467795
attack,-8.02698685485
....congress,-8.02698685485
enforcement,-7.33383967429
completed,-8.02698685485
nobody,-8.02698685485
h√¥tel,-8.02698685485
manipulation,-8.02698685485
loved,-8.02698685485
hearings,-8.02698685485
@moonriver365,-8.02698685485
mission‚Ä¶,-8.02698685485
patients,-8.02698685485
anti-trump,-8.02698685485
negatively,-8.02698685485
devotion,-8.02698685485
clip,-8.02698685485
cohen,-8.02698685485
https://t.co/ibs1uqul7a,-8.02698685485
....to,-7.62152174674
tonight,-7.33383967429
have,-4.8699864337
need,-7.33383967429
curved,-8.02698685485
border,-6.32223876261
documents,-7.33383967429
russians,-8.02698685485
.@lindseygrahamsc,-8.02698685485
agency,-8.02698685485
able,-8.02698685485
issuing,-8.02698685485
which,-6.41754894242
@statedept,-8.02698685485
@jessebwatters,-8.02698685485
kodiak,-8.02698685485
‚Äúgetting,-8.02698685485
nancy,-7.62152174674
e‚Ä¶,-8.02698685485
rollout,-8.02698685485
@mediabuzzfnc,-8.02698685485
transcript,-7.33383967429
so-called,-8.02698685485
non-tariffed,-8.02698685485
stronger,-8.02698685485
face,-8.02698685485
looked,-8.02698685485
occasion,-8.02698685485
fact,-7.11069612298
mueller.......,-8.02698685485
violation,-7.62152174674
agreed,-7.62152174674
bu‚Ä¶,-8.02698685485
bring,-8.02698685485
democrats,-6.0810767058
rough,-8.02698685485
debate,-8.02698685485
‚Äòhistoric,-8.02698685485
staff,-8.02698685485
redirect,-8.02698685485
based,-7.62152174674
should,-6.52290945808
‚Äúany,-8.02698685485
local,-7.62152174674
hope,-7.62152174674
boris,-8.02698685485
means,-8.02698685485
whistleblower,-8.02698685485
@kimstrassel,-8.02698685485
lucky,-8.02698685485
impeachment,-7.33383967429
joins,-8.02698685485
Ïò§Ïö∏Î†õ,-7.62152174674
emmet,-7.62152174674
endless,-8.02698685485
smash,-8.02698685485
‚Äúwalk.‚Äù,-8.02698685485
brain,-8.02698685485
matter‚Äù,-8.02698685485
taxes,-8.02698685485
calling,-8.02698685485
levin,-6.41754894242
ohio,-7.62152174674
view,-8.02698685485
knowing,-7.62152174674
Î∏åÎ¶¨ÌïëÏùÑ,-8.02698685485
accuser,-7.62152174674
prayers,-8.02698685485
national,-8.02698685485
‚Äúfiction‚Äù,-8.02698685485
.@realdonaldtrump,-7.62152174674
officials,-8.02698685485
unfairly,-8.02698685485
https://t.co/kvr6q0qu6a,-8.02698685485
far....,-8.02698685485
packed,-8.02698685485
awaits,-8.02698685485
‚Äúsomeone,-8.02698685485
turks,-8.02698685485
reform,-8.02698685485
nuclear,-7.62152174674
fulbright,-8.02698685485
state,-7.62152174674
closed,-7.33383967429
tens,-8.02698685485
progress,-8.02698685485
email,-7.62152174674
bought,-7.62152174674
@senatemajl‚Ä¶,-8.02698685485
opening,-8.02698685485
sorrow,-8.02698685485
agencies,-8.02698685485
interfere,-8.02698685485
.@kimstrassel,-8.02698685485
approval,-8.02698685485
lawsuit,-8.02698685485
(please,-8.02698685485
career,-8.02698685485
trus‚Ä¶,-8.02698685485
taking,-8.02698685485
drug,-8.02698685485
april,-7.33383967429
trumps,-8.02698685485
gone,-7.62152174674
wall,-7.33383967429
1997.‚Äù,-8.02698685485
table,-8.02698685485
done.,-8.02698685485
leads,-8.02698685485
tremendous,-8.02698685485
it's,-7.62152174674
willing,-8.02698685485
spygate,-7.62152174674
democratshttps://t.co/j8h1zjbpx5,-8.02698685485
@tashlutsa,-8.02698685485
https://t.co/wlpyxs7wts,-8.02698685485
mike,-8.02698685485
(&amp,-8.02698685485
vince,-8.02698685485
results‚Äô,-8.02698685485
deep,-8.02698685485
hateful,-8.02698685485
overturn,-7.62152174674
@realomarnavarro,-8.02698685485
Î™®Ïäµ,-8.02698685485
volunteer,-8.02698685485
criminal,-7.33383967429
unlike,-8.02698685485
bahama,-8.02698685485
harder,-8.02698685485
will,-5.10921612277
#kag#t‚Ä¶,-8.02698685485
petition,-8.02698685485
rigged,-8.02698685485
madeleine,-8.02698685485
@tedcruz,-8.02698685485
almost,-7.62152174674
delusion,-8.02698685485
thus,-8.02698685485
helped,-7.62152174674
dems,-6.52290945808
politics,-7.33383967429
partner,-8.02698685485
@ericbolling,-8.02698685485
terrorist,-8.02698685485
perhaps,-7.62152174674
juan,-8.02698685485
administration,-6.92837456618
cross,-8.02698685485
unite,-8.02698685485
party,-7.62152174674
gets,-8.02698685485
powell,-8.02698685485
incorrect,-8.02698685485
reporting,-7.33383967429
upon,-8.02698685485
lobby,-8.02698685485
....melania,-8.02698685485
well,-7.11069612298
9:00,-8.02698685485
thought,-8.02698685485
mccabe,-8.02698685485
@sharylattkisson,-7.62152174674
usual,-7.62152174674
less,-7.62152174674
front,-8.02698685485
rapid,-8.02698685485
let‚Äôs,-8.02698685485
guts,-8.02698685485
mcconnell,-8.02698685485
bench,-8.02698685485
simple,-8.02698685485
other,-6.41754894242
smart,-8.02698685485
unprecedented,-7.62152174674
match,-8.02698685485
‚Äúwhistleblower‚Äù,-8.02698685485
tests,-8.02698685485
@rjccw,-8.02698685485
branch,-8.02698685485
government,-8.02698685485
cruz,-7.62152174674
historic,-8.02698685485
whatever,-8.02698685485
press,-8.02698685485
immediately,-7.62152174674
loss,-8.02698685485
üá∫üá∏,-7.62152174674
like,-6.15518467795
success,-8.02698685485
vibrant,-8.02698685485
admitted,-7.62152174674
fbi's,-8.02698685485
payments,-8.02698685485
lose,-8.02698685485
works,-7.62152174674
page,-8.02698685485
replacement,-8.02698685485
amendment,-8.02698685485
because,-6.32223876261
tumble,-8.02698685485
twitter,-7.33383967429
based),-8.02698685485
u.s.a.(and,-8.02698685485
alive,-8.02698685485
daylight,-8.02698685485
growth,-7.62152174674
@nasaglenn,-8.02698685485
@jillbernadette3,-8.02698685485
wages....,-8.02698685485
avoid,-8.02698685485
hurricane,-7.11069612298
14th,-8.02698685485
attack.¬†our,-8.02698685485
does,-6.92837456618
setup.‚Äù,-8.02698685485
leader,-7.33383967429
murdock,-8.02698685485
jobs.in,-8.02698685485
inaccurate,-7.62152174674
journal,-8.02698685485
@flsert,-8.02698685485
although,-8.02698685485
about,-5.72440176186
33000,-7.62152174674
actual,-8.02698685485
getting,-6.77422388636
column,-8.02698685485
freedom,-8.02698685485
sinister,-8.02698685485
@lisamei62,-8.02698685485
surge,-8.02698685485
that‚Äôs,-8.02698685485
ag‚Ä¶,-8.02698685485
executives,-8.02698685485
@vcfd_pio,-8.02698685485
washington,-7.33383967429
billions,-7.62152174674
guard,-8.02698685485
promise,-7.62152174674
swimmers,-8.02698685485
mississippi,-8.02698685485
additional,-8.02698685485
Ï¥àÏÜåÏóêÏÑú,-8.02698685485
overtime,-8.02698685485
biggest,-8.02698685485
‚Äúnobody,-8.02698685485
north,-6.92837456618
censor/,-8.02698685485
i've,-8.02698685485
brand,-8.02698685485
evacuate,-8.02698685485
gain,-7.62152174674
highest,-7.62152174674
made,-6.77422388636
marquis,-8.02698685485
dangerous,-7.62152174674
official,-8.02698685485
grieve,-8.02698685485
hosting,-8.02698685485
distract,-8.02698685485
record,-7.11069612298
convince,-8.02698685485
stories,-8.02698685485
problem,-8.02698685485
urging,-8.02698685485
‚Äúorganization,-8.02698685485
interested...rt,-8.02698685485
h‚Ä¶,-8.02698685485
#reserveci‚Ä¶,-8.02698685485
negotiations...,-8.02698685485
goodness,-8.02698685485
shooting,-7.62152174674
https://t.co/5zfvfweuch,-8.02698685485
naming,-8.02698685485
functions,-8.02698685485
compared,-8.02698685485
incredible,-7.33383967429
percent,-8.02698685485
book,-8.02698685485
sick,-7.62152174674
kurds,-8.02698685485
it.the,-8.02698685485
president..,-8.02698685485
@foxnews,-6.77422388636
#dorian,-7.11069612298
monday,-8.02698685485
june,-7.62152174674
outlets,-8.02698685485
@jim_jordan,-8.02698685485
ÎåÄÌôîÌïòÎäî,-8.02698685485
chance,-8.02698685485
terror.‚Äù,-8.02698685485
friends,-7.62152174674
christians,-8.02698685485
ranks,-8.02698685485
compete,-8.02698685485
richardson,-8.02698685485
news.,-8.02698685485
keesler,-8.02698685485
