....alex,1,2,0.000549149,-7.50714108
....as,1,2,0.000549149,-7.50714108
....does,1,2,0.000549149,-7.50714108
....i,1,2,0.000549149,-7.50714108
....if,1,2,0.000549149,-7.50714108
....interview,1,2,0.000549149,-7.50714108
....kelly,1,2,0.000549149,-7.50714108
....long,1,2,0.000549149,-7.50714108
....many,1,2,0.000549149,-7.50714108
....that,1,2,0.000549149,-7.50714108
....the,1,2,0.000549149,-7.50714108
....there,1,2,0.000549149,-7.50714108
....we,1,2,0.000549149,-7.50714108
...the,2,3,0.000823723,-7.101675972
..willing,1,2,0.000549149,-7.50714108
.@jaysekulow,1,2,0.000549149,-7.50714108
'when,1,2,0.000549149,-7.50714108
"""can",1,2,0.000549149,-7.50714108
"""jordan",1,2,0.000549149,-7.50714108
"""mueller",1,2,0.000549149,-7.50714108
"""president",1,2,0.000549149,-7.50714108
"""rep",1,2,0.000549149,-7.50714108
"""wi…",1,2,0.000549149,-7.50714108
"""you",1,2,0.000549149,-7.50714108
“airspace”,1,2,0.000549149,-7.50714108
“calm,1,2,0.000549149,-7.50714108
“china,1,2,0.000549149,-7.50714108
“cover,1,2,0.000549149,-7.50714108
“currency,1,2,0.000549149,-7.50714108
“hit,1,2,0.000549149,-7.50714108
“hottest”,1,2,0.000549149,-7.50714108
“impeachment”,1,2,0.000549149,-7.50714108
“just,1,2,0.000549149,-7.50714108
“leaders”,1,2,0.000549149,-7.50714108
“louis,1,2,0.000549149,-7.50714108
“mueller,1,2,0.000549149,-7.50714108
“paloma,1,2,0.000549149,-7.50714108
“piggy,1,2,0.000549149,-7.50714108
“squad”,1,2,0.000549149,-7.50714108
“the,1,2,0.000549149,-7.50714108
“this,1,2,0.000549149,-7.50714108
“vacations”,1,2,0.000549149,-7.50714108
(choice),1,2,0.000549149,-7.50714108
(ridiculous),1,2,0.000549149,-7.50714108
(the,1,2,0.000549149,-7.50714108
@asahutchinson,1,2,0.000549149,-7.50714108
@att,1,2,0.000549149,-7.50714108
@billdeblasio,1,2,0.000549149,-7.50714108
@blinddog007,1,2,0.000549149,-7.50714108
@byronyork,1,2,0.000549149,-7.50714108
@charliekirk11,1,2,0.000549149,-7.50714108
@cnbc,1,2,0.000549149,-7.50714108
@cnn,1,2,0.000549149,-7.50714108
@condoleezzarice,1,2,0.000549149,-7.50714108
@cspan,1,2,0.000549149,-7.50714108
@dbongino,5,6,0.001647446,-6.408528791
@donaldjtrumpjr,1,2,0.000549149,-7.50714108
@eddierispone,1,2,0.000549149,-7.50714108
@foxandfriends,2,3,0.000823723,-7.101675972
@foxnews,4,5,0.001372872,-6.590850348
@gop,2,3,0.000823723,-7.101675972
@gopchairwoman,1,2,0.000549149,-7.50714108
@greggutfeld,1,2,0.000549149,-7.50714108
@henrymcmaster,1,2,0.000549149,-7.50714108
@ivankatrump,2,3,0.000823723,-7.101675972
@jim_jordan,3,4,0.001098298,-6.813993899
@joesquawk,1,2,0.000549149,-7.50714108
@juddpdeere45,1,2,0.000549149,-7.50714108
@judicialwatch,2,3,0.000823723,-7.101675972
@kellyannepolls,1,2,0.000549149,-7.50714108
@kevinomccarthy,1,2,0.000549149,-7.50714108
@kilmeade,1,2,0.000549149,-7.50714108
@kshaferus,1,2,0.000549149,-7.50714108
⁦@louisvuitton,1,2,0.000549149,-7.50714108
@mariabartiromo,1,2,0.000549149,-7.50714108
@marthamaccallum,1,2,0.000549149,-7.50714108
@mike_pence,1,2,0.000549149,-7.50714108
@nbcnews,1,2,0.000549149,-7.50714108
@nextrevfnc,1,2,0.000549149,-7.50714108
@nrcc,1,2,0.000549149,-7.50714108
@nycmayor,1,2,0.000549149,-7.50714108
@nytimes,1,2,0.000549149,-7.50714108
@oann,1,2,0.000549149,-7.50714108
@parscale,1,2,0.000549149,-7.50714108
@paulsperry_,1,2,0.000549149,-7.50714108
@potus,2,3,0.000823723,-7.101675972
@reaganbattalion,1,2,0.000549149,-7.50714108
@real_defender,1,2,0.000549149,-7.50714108
@realdonaldtrump,13,14,0.003844042,-5.561230931
@repannwagner,1,2,0.000549149,-7.50714108
@repdougcollins,1,2,0.000549149,-7.50714108
@repmattgaetz,1,2,0.000549149,-7.50714108
@ro18007212,1,2,0.000549149,-7.50714108
@royblunt,1,2,0.000549149,-7.50714108
@rudygiuliani,1,2,0.000549149,-7.50714108
@sanghaviharsh,1,2,0.000549149,-7.50714108
@scottabc7,1,2,0.000549149,-7.50714108
@scottbepler,1,2,0.000549149,-7.50714108
@seanhannity,4,5,0.001372872,-6.590850348
@secpompeo,1,2,0.000549149,-7.50714108
@statedept,1,2,0.000549149,-7.50714108
@stevehiltonx,2,3,0.000823723,-7.101675972
@swedishpm,1,2,0.000549149,-7.50714108
@teamtrump,1,2,0.000549149,-7.50714108
@trishregan,1,2,0.000549149,-7.50714108
@tuckercarlson,2,3,0.000823723,-7.101675972
@vvfriedman,1,2,0.000549149,-7.50714108
@whitehouse,5,6,0.001647446,-6.408528791
&amp,13,14,0.003844042,-5.561230931
#2020,1,2,0.000549149,-7.50714108
#bluelivesmatter,1,2,0.000549149,-7.50714108
#dday75,1,2,0.000549149,-7.50714108
#dday75thanniversary,1,2,0.000549149,-7.50714108
#kag2020,1,2,0.000549149,-7.50714108
#maga,1,2,0.000549149,-7.50714108
#maga2020,1,2,0.000549149,-7.50714108
#nc03,1,2,0.000549149,-7.50714108
#nc09,1,2,0.000549149,-7.50714108
#nomojoe,1,2,0.000549149,-7.50714108
🇺🇸,1,2,0.000549149,-7.50714108
$1400,1,2,0.000549149,-7.50714108
$40m,1,2,0.000549149,-7.50714108
$billions,1,2,0.000549149,-7.50714108
1.2m,1,2,0.000549149,-7.50714108
1.35%,1,2,0.000549149,-7.50714108
1.9m,1,2,0.000549149,-7.50714108
104th,1,2,0.000549149,-7.50714108
18th,1,2,0.000549149,-7.50714108
1970under,1,2,0.000549149,-7.50714108
20000,1,2,0.000549149,-7.50714108
2016,3,4,0.001098298,-6.813993899
2017,1,2,0.000549149,-7.50714108
2018,3,4,0.001098298,-6.813993899
2019,1,2,0.000549149,-7.50714108
2020,1,2,0.000549149,-7.50714108
223-306,1,2,0.000549149,-7.50714108
3.5%…,1,2,0.000549149,-7.50714108
302s,1,2,0.000549149,-7.50714108
401(k),1,2,0.000549149,-7.50714108
466%,1,2,0.000549149,-7.50714108
74000,1,2,0.000549149,-7.50714108
8:00,1,2,0.000549149,-7.50714108
a$ap,2,3,0.000823723,-7.101675972
able,2,3,0.000823723,-7.101675972
about,5,6,0.001647446,-6.408528791
accuracy,1,2,0.000549149,-7.50714108
accurately,1,2,0.000549149,-7.50714108
achieved,1,2,0.000549149,-7.50714108
acting,1,2,0.000549149,-7.50714108
actually,1,2,0.000549149,-7.50714108
adam,2,3,0.000823723,-7.101675972
addition,1,2,0.000549149,-7.50714108
additionally,1,2,0.000549149,-7.50714108
address,1,2,0.000549149,-7.50714108
administration,1,2,0.000549149,-7.50714108
admire,1,2,0.000549149,-7.50714108
admission..,1,2,0.000549149,-7.50714108
after,4,5,0.001372872,-6.590850348
afternoon,1,2,0.000549149,-7.50714108
again,3,4,0.001098298,-6.813993899
again:prior,1,2,0.000549149,-7.50714108
against,1,2,0.000549149,-7.50714108
agenda,1,2,0.000549149,-7.50714108
agent,1,2,0.000549149,-7.50714108
ago..,1,2,0.000549149,-7.50714108
agreed,1,2,0.000549149,-7.50714108
agreement,2,3,0.000823723,-7.101675972
agreements,1,2,0.000549149,-7.50714108
agricultural,1,2,0.000549149,-7.50714108
agriculture,1,2,0.000549149,-7.50714108
allow,2,3,0.000823723,-7.101675972
allowed,1,2,0.000549149,-7.50714108
almost,2,3,0.000823723,-7.101675972
already,3,4,0.001098298,-6.813993899
also,2,3,0.000823723,-7.101675972
altered,1,2,0.000549149,-7.50714108
alternative....,1,2,0.000549149,-7.50714108
always,3,4,0.001098298,-6.813993899
amend,1,2,0.000549149,-7.50714108
america,3,4,0.001098298,-6.813993899
"america""https://t.co/prjjfetqel",1,2,0.000549149,-7.50714108
american,5,6,0.001647446,-6.408528791
americans,1,2,0.000549149,-7.50714108
amir,1,2,0.000549149,-7.50714108
and/or,1,2,0.000549149,-7.50714108
angry,1,2,0.000549149,-7.50714108
announce,1,2,0.000549149,-7.50714108
announced,1,2,0.000549149,-7.50714108
announcement,1,2,0.000549149,-7.50714108
another,1,2,0.000549149,-7.50714108
anybody,1,2,0.000549149,-7.50714108
anymore,1,2,0.000549149,-7.50714108
anything,3,4,0.001098298,-6.813993899
anyway,1,2,0.000549149,-7.50714108
appreciated,1,2,0.000549149,-7.50714108
approval,1,2,0.000549149,-7.50714108
arabia,1,2,0.000549149,-7.50714108
arena,1,2,0.000549149,-7.50714108
arkansas,1,2,0.000549149,-7.50714108
arming,1,2,0.000549149,-7.50714108
around,3,4,0.001098298,-6.813993899
arrived,1,2,0.000549149,-7.50714108
asked,4,5,0.001372872,-6.590850348
assist,1,2,0.000549149,-7.50714108
assistance,1,2,0.000549149,-7.50714108
assured,2,3,0.000823723,-7.101675972
asylum,1,2,0.000549149,-7.50714108
attack,2,3,0.000823723,-7.101675972
attacking,1,2,0.000549149,-7.50714108
author,1,2,0.000549149,-7.50714108
authorize,1,2,0.000549149,-7.50714108
automatically,1,2,0.000549149,-7.50714108
available,1,2,0.000549149,-7.50714108
average,2,3,0.000823723,-7.101675972
back,7,8,0.002196595,-6.120846719
backing,1,2,0.000549149,-7.50714108
badly,3,4,0.001098298,-6.813993899
bahamas,1,2,0.000549149,-7.50714108
bail,1,2,0.000549149,-7.50714108
balance,1,2,0.000549149,-7.50714108
bank,1,2,0.000549149,-7.50714108
bank”,1,2,0.000549149,-7.50714108
barely,1,2,0.000549149,-7.50714108
basis,1,2,0.000549149,-7.50714108
beach,1,2,0.000549149,-7.50714108
because,3,4,0.001098298,-6.813993899
become,2,3,0.000823723,-7.101675972
been,13,14,0.003844042,-5.561230931
before,4,5,0.001372872,-6.590850348
begin,1,2,0.000549149,-7.50714108
beginning,2,3,0.000823723,-7.101675972
being,5,6,0.001647446,-6.408528791
belichick,1,2,0.000549149,-7.50714108
believe,1,2,0.000549149,-7.50714108
believed),1,2,0.000549149,-7.50714108
below,1,2,0.000549149,-7.50714108
best,2,3,0.000823723,-7.101675972
better,2,3,0.000823723,-7.101675972
between,1,2,0.000549149,-7.50714108
bias,1,2,0.000549149,-7.50714108
biden,2,3,0.000823723,-7.101675972
bill,3,4,0.001098298,-6.813993899
billion,3,4,0.001098298,-6.813993899
bishop,3,4,0.001098298,-6.813993899
block,1,2,0.000549149,-7.50714108
blue,1,2,0.000549149,-7.50714108
board,1,2,0.000549149,-7.50714108
book,2,3,0.000823723,-7.101675972
border,8,9,0.00247117,-6.003063683
"border""https://t.co/jsnbq6gtak",1,2,0.000549149,-7.50714108
borders,1,2,0.000549149,-7.50714108
both,2,3,0.000823723,-7.101675972
bottom,1,2,0.000549149,-7.50714108
bought,1,2,0.000549149,-7.50714108
bowl,1,2,0.000549149,-7.50714108
brady,1,2,0.000549149,-7.50714108
brass,1,2,0.000549149,-7.50714108
breaking,1,2,0.000549149,-7.50714108
breathing,1,2,0.000549149,-7.50714108
british,1,2,0.000549149,-7.50714108
broken,2,3,0.000823723,-7.101675972
brought,1,2,0.000549149,-7.50714108
building,2,3,0.000823723,-7.101675972
bullshit,1,2,0.000549149,-7.50714108
business,1,2,0.000549149,-7.50714108
"business""",1,2,0.000549149,-7.50714108
buying,1,2,0.000549149,-7.50714108
buys,1,2,0.000549149,-7.50714108
california,1,2,0.000549149,-7.50714108
call,5,6,0.001647446,-6.408528791
called,3,4,0.001098298,-6.813993899
calls,1,2,0.000549149,-7.50714108
came,1,2,0.000549149,-7.50714108
camouflage,1,2,0.000549149,-7.50714108
campaign,3,4,0.001098298,-6.813993899
campos-duffy,1,2,0.000549149,-7.50714108
can't,1,2,0.000549149,-7.50714108
can’t,2,3,0.000823723,-7.101675972
candidat…,1,2,0.000549149,-7.50714108
candidate,1,2,0.000549149,-7.50714108
caps,1,2,0.000549149,-7.50714108
carbon,1,2,0.000549149,-7.50714108
care,2,3,0.000823723,-7.101675972
carly,1,2,0.000549149,-7.50714108
carolina,5,6,0.001647446,-6.408528791
caught,1,2,0.000549149,-7.50714108
cave,1,2,0.000549149,-7.50714108
censure,1,2,0.000549149,-7.50714108
census,2,3,0.000823723,-7.101675972
century,1,2,0.000549149,-7.50714108
certainly,1,2,0.000549149,-7.50714108
chains,1,2,0.000549149,-7.50714108
chance,2,3,0.000823723,-7.101675972
changing,1,2,0.000549149,-7.50714108
characterizing,1,2,0.000549149,-7.50714108
cheaper,1,2,0.000549149,-7.50714108
check,1,2,0.000549149,-7.50714108
children,1,2,0.000549149,-7.50714108
china,8,9,0.00247117,-6.003063683
choice,1,2,0.000549149,-7.50714108
chris,2,3,0.000823723,-7.101675972
christopher,2,3,0.000823723,-7.101675972
chuck,1,2,0.000549149,-7.50714108
cities,1,2,0.000549149,-7.50714108
citizen,2,3,0.000823723,-7.101675972
citizens,1,2,0.000549149,-7.50714108
citizenship,1,2,0.000549149,-7.50714108
city,2,3,0.000823723,-7.101675972
claimed,1,2,0.000549149,-7.50714108
climate,3,4,0.001098298,-6.813993899
clin…,1,2,0.000549149,-7.50714108
clinton,2,3,0.000823723,-7.101675972
clinton's,1,2,0.000549149,-7.50714108
close,1,2,0.000549149,-7.50714108
clothing,1,2,0.000549149,-7.50714108
clue,2,3,0.000823723,-7.101675972
co-founder,1,2,0.000549149,-7.50714108
coalition,1,2,0.000549149,-7.50714108
coast,1,2,0.000549149,-7.50714108
cohen,2,3,0.000823723,-7.101675972
collusion,4,5,0.001372872,-6.590850348
come,5,6,0.001647446,-6.408528791
comey,1,2,0.000549149,-7.50714108
commentary,1,2,0.000549149,-7.50714108
commerce,1,2,0.000549149,-7.50714108
commitments,1,2,0.000549149,-7.50714108
committee,1,2,0.000549149,-7.50714108
community,2,3,0.000823723,-7.101675972
companies,1,2,0.000549149,-7.50714108
complete,1,2,0.000549149,-7.50714108
completed,1,2,0.000549149,-7.50714108
completely,2,3,0.000823723,-7.101675972
comprehensive,1,2,0.000549149,-7.50714108
concerned,2,3,0.000823723,-7.101675972
concluded,1,2,0.000549149,-7.50714108
conduct,1,2,0.000549149,-7.50714108
conference,1,2,0.000549149,-7.50714108
confidence,1,2,0.000549149,-7.50714108
congenial,1,2,0.000549149,-7.50714108
congrats,1,2,0.000549149,-7.50714108
congratulations,3,4,0.001098298,-6.813993899
congress,3,4,0.001098298,-6.813993899
congresswoman/man,1,2,0.000549149,-7.50714108
conservative,1,2,0.000549149,-7.50714108
continue,1,2,0.000549149,-7.50714108
continues,2,3,0.000823723,-7.101675972
continuing,1,2,0.000549149,-7.50714108
contradicted,1,2,0.000549149,-7.50714108
cops,1,2,0.000549149,-7.50714108
corrupt,2,3,0.000823723,-7.101675972
cosponsor,1,2,0.000549149,-7.50714108
cost,1,2,0.000549149,-7.50714108
costs,1,2,0.000549149,-7.50714108
could,1,2,0.000549149,-7.50714108
coumo,1,2,0.000549149,-7.50714108
count,1,2,0.000549149,-7.50714108
countries,3,4,0.001098298,-6.813993899
country,16,17,0.004667765,-5.367074916
country’s,1,2,0.000549149,-7.50714108
court,1,2,0.000549149,-7.50714108
crazy,1,2,0.000549149,-7.50714108
created,1,2,0.000549149,-7.50714108
credibility,1,2,0.000549149,-7.50714108
credible.”,1,2,0.000549149,-7.50714108
crews,1,2,0.000549149,-7.50714108
crime,4,5,0.001372872,-6.590850348
criminal,1,2,0.000549149,-7.50714108
crisis,6,7,0.001922021,-6.254378111
crisis.,1,2,0.000549149,-7.50714108
crooked,1,2,0.000549149,-7.50714108
cuomo,2,3,0.000823723,-7.101675972
currency,1,2,0.000549149,-7.50714108
current,1,2,0.000549149,-7.50714108
cursing,1,2,0.000549149,-7.50714108
cut✅,1,2,0.000549149,-7.50714108
cutting,1,2,0.000549149,-7.50714108
dagan,1,2,0.000549149,-7.50714108
dallas,1,2,0.000549149,-7.50714108
damage,1,2,0.000549149,-7.50714108
davis,1,2,0.000549149,-7.50714108
deals,1,2,0.000549149,-7.50714108
decades,1,2,0.000549149,-7.50714108
decide,1,2,0.000549149,-7.50714108
deciding,1,2,0.000549149,-7.50714108
declared,1,2,0.000549149,-7.50714108
declined,1,2,0.000549149,-7.50714108
defense,1,2,0.000549149,-7.50714108
deliver,1,2,0.000549149,-7.50714108
delivering,1,2,0.000549149,-7.50714108
democrat,2,3,0.000823723,-7.101675972
democrats,16,17,0.004667765,-5.367074916
dems,5,6,0.001647446,-6.408528791
denmark,1,2,0.000549149,-7.50714108
department,3,4,0.001098298,-6.813993899
dept,1,2,0.000549149,-7.50714108
deputy,1,2,0.000549149,-7.50714108
desperately,1,2,0.000549149,-7.50714108
despite,1,2,0.000549149,-7.50714108
destroy,1,2,0.000549149,-7.50714108
destroyed,1,2,0.000549149,-7.50714108
devastated,2,3,0.000823723,-7.101675972
development,1,2,0.000549149,-7.50714108
didn't,1,2,0.000549149,-7.50714108
didn’t,3,4,0.001098298,-6.813993899
dioxide,1,2,0.000549149,-7.50714108
directly,1,2,0.000549149,-7.50714108
dirty,1,2,0.000549149,-7.50714108
disappeared,1,2,0.000549149,-7.50714108
disappointed,1,2,0.000549149,-7.50714108
discredited,1,2,0.000549149,-7.50714108
discussion,1,2,0.000549149,-7.50714108
discussions,1,2,0.000549149,-7.50714108
disgrace,3,4,0.001098298,-6.813993899
disgusted,1,2,0.000549149,-7.50714108
disinformation,1,2,0.000549149,-7.50714108
dnc.,1,2,0.000549149,-7.50714108
documents,1,2,0.000549149,-7.50714108
does,3,4,0.001098298,-6.813993899
doesn’t,4,5,0.001372872,-6.590850348
doing,7,8,0.002196595,-6.120846719
doing.,1,2,0.000549149,-7.50714108
dollars,4,5,0.001372872,-6.590850348
don’t,6,7,0.001922021,-6.254378111
donald,2,3,0.000823723,-7.101675972
done,8,9,0.00247117,-6.003063683
dorian,2,3,0.000823723,-7.101675972
dossier,1,2,0.000549149,-7.50714108
dossier’s,1,2,0.000549149,-7.50714108
dossier),1,2,0.000549149,-7.50714108
doubling,1,2,0.000549149,-7.50714108
doubt,1,2,0.000549149,-7.50714108
down,6,7,0.001922021,-6.254378111
down....,1,2,0.000549149,-7.50714108
drone,1,2,0.000549149,-7.50714108
drop,1,2,0.000549149,-7.50714108
dropped,1,2,0.000549149,-7.50714108
drug,2,3,0.000823723,-7.101675972
drugs,5,6,0.001647446,-6.408528791
duffy,1,2,0.000549149,-7.50714108
durham's,1,2,0.000549149,-7.50714108
during,1,2,0.000549149,-7.50714108
earlier,1,2,0.000549149,-7.50714108
easily,2,3,0.000823723,-7.101675972
eastern,1,2,0.000549149,-7.50714108
easy,1,2,0.000549149,-7.50714108
economy,2,3,0.000823723,-7.101675972
edwards,1,2,0.000549149,-7.50714108
either,1,2,0.000549149,-7.50714108
elected,3,4,0.001098298,-6.813993899
election,4,5,0.001372872,-6.590850348
else,1,2,0.000549149,-7.50714108
elsewhere,1,2,0.000549149,-7.50714108
email,1,2,0.000549149,-7.50714108
embarrassed,1,2,0.000549149,-7.50714108
emergency,3,4,0.001098298,-6.813993899
ending,1,2,0.000549149,-7.50714108
endless,1,2,0.000549149,-7.50714108
endorsement,1,2,0.000549149,-7.50714108
energy,2,3,0.000823723,-7.101675972
enforcement,1,2,0.000549149,-7.50714108
engaged,1,2,0.000549149,-7.50714108
england,1,2,0.000549149,-7.50714108
enormous,1,2,0.000549149,-7.50714108
entire,4,5,0.001372872,-6.590850348
eric,1,2,0.000549149,-7.50714108
escalator,1,2,0.000549149,-7.50714108
especially,1,2,0.000549149,-7.50714108
europe,1,2,0.000549149,-7.50714108
european,1,2,0.000549149,-7.50714108
even,6,7,0.001922021,-6.254378111
events,1,2,0.000549149,-7.50714108
ever,2,3,0.000823723,-7.101675972
everybody,1,2,0.000549149,-7.50714108
everybody’s,1,2,0.000549149,-7.50714108
everyone,2,3,0.000823723,-7.101675972
everyone’s,1,2,0.000549149,-7.50714108
evidence,3,4,0.001098298,-6.813993899
exactly,2,3,0.000823723,-7.101675972
excellent,1,2,0.000549149,-7.50714108
executive,3,4,0.001098298,-6.813993899
exist,1,2,0.000549149,-7.50714108
expensive,2,3,0.000823723,-7.101675972
explained,1,2,0.000549149,-7.50714108
fabricate,1,2,0.000549149,-7.50714108
fact,6,7,0.001922021,-6.254378111
facts,3,4,0.001098298,-6.813993899
failing,1,2,0.000549149,-7.50714108
fair,1,2,0.000549149,-7.50714108
fairly,1,2,0.000549149,-7.50714108
fake,11,12,0.003294893,-5.71538161
fallen,1,2,0.000549149,-7.50714108
false,0,1,0.000274574,-8.20028826
family,4,5,0.001372872,-6.590850348
fantastic,1,2,0.000549149,-7.50714108
farmers,3,4,0.001098298,-6.813993899
fast,1,2,0.000549149,-7.50714108
father-in-law's,1,2,0.000549149,-7.50714108
fayetteville,1,2,0.000549149,-7.50714108
february,1,2,0.000549149,-7.50714108
federal,4,5,0.001372872,-6.590850348
federalist,1,2,0.000549149,-7.50714108
fema,1,2,0.000549149,-7.50714108
fighter,1,2,0.000549149,-7.50714108
fights,1,2,0.000549149,-7.50714108
file,1,2,0.000549149,-7.50714108
finally,2,3,0.000823723,-7.101675972
find,1,2,0.000549149,-7.50714108
finding,1,2,0.000549149,-7.50714108
fiorina,1,2,0.000549149,-7.50714108
fire,1,2,0.000549149,-7.50714108
fired,2,3,0.000823723,-7.101675972
firefighter,1,2,0.000549149,-7.50714108
first,6,7,0.001922021,-6.254378111
flight,1,2,0.000549149,-7.50714108
flooding,1,2,0.000549149,-7.50714108
florida,3,4,0.001098298,-6.813993899
focus,1,2,0.000549149,-7.50714108
focused,1,2,0.000549149,-7.50714108
followed,1,2,0.000549149,-7.50714108
forced,2,3,0.000823723,-7.101675972
fore…,1,2,0.000549149,-7.50714108
former,1,2,0.000549149,-7.50714108
forward,4,5,0.001372872,-6.590850348
found,1,2,0.000549149,-7.50714108
fraction,1,2,0.000549149,-7.50714108
fraud,1,2,0.000549149,-7.50714108
fraudster,1,2,0.000549149,-7.50714108
freedom.”,1,2,0.000549149,-7.50714108
friend,1,2,0.000549149,-7.50714108
friends,1,2,0.000549149,-7.50714108
fro…,1,2,0.000549149,-7.50714108
from,10,11,0.003020319,-5.802392987
full,1,2,0.000549149,-7.50714108
funding,1,2,0.000549149,-7.50714108
future,1,2,0.000549149,-7.50714108
gaetz,1,2,0.000549149,-7.50714108
game,2,3,0.000823723,-7.101675972
gangs,1,2,0.000549149,-7.50714108
gave,1,2,0.000549149,-7.50714108
generally,1,2,0.000549149,-7.50714108
generic,1,2,0.000549149,-7.50714108
get......,1,2,0.000549149,-7.50714108
getting,3,4,0.001098298,-6.813993899
give,2,3,0.000823723,-7.101675972
glimmer,1,2,0.000549149,-7.50714108
going,3,4,0.001098298,-6.813993899
golfer,1,2,0.000549149,-7.50714108
gone,2,3,0.000823723,-7.101675972
good,3,4,0.001098298,-6.813993899
government,2,3,0.000823723,-7.101675972
governor,4,5,0.001372872,-6.590850348
graha…,1,2,0.000549149,-7.50714108
great,24,25,0.00686436,-4.981412435
greater,1,2,0.000549149,-7.50714108
greatest,2,3,0.000823723,-7.101675972
greatly,3,4,0.001098298,-6.813993899
greenpeace,1,2,0.000549149,-7.50714108
greg,2,3,0.000823723,-7.101675972
growth,2,3,0.000823723,-7.101675972
guard,1,2,0.000549149,-7.50714108
guatemala,1,2,0.000549149,-7.50714108
half,1,2,0.000549149,-7.50714108
hampshire,1,2,0.000549149,-7.50714108
hand,3,4,0.001098298,-6.813993899
hanoi,1,2,0.000549149,-7.50714108
happen,1,2,0.000549149,-7.50714108
happened,1,2,0.000549149,-7.50714108
happens,1,2,0.000549149,-7.50714108
hard,4,5,0.001372872,-6.590850348
hate,1,2,0.000549149,-7.50714108
hater,1,2,0.000549149,-7.50714108
haters,1,2,0.000549149,-7.50714108
have,31,32,0.008786381,-4.734552357
having,1,2,0.000549149,-7.50714108
he's,1,2,0.000549149,-7.50714108
he’s,1,2,0.000549149,-7.50714108
heads,1,2,0.000549149,-7.50714108
healthcare,1,2,0.000549149,-7.50714108
hear,1,2,0.000549149,-7.50714108
heard,1,2,0.000549149,-7.50714108
help,5,6,0.001647446,-6.408528791
helping,1,2,0.000549149,-7.50714108
henry,1,2,0.000549149,-7.50714108
here&amp,1,2,0.000549149,-7.50714108
high,1,2,0.000549149,-7.50714108
high✅,1,2,0.000549149,-7.50714108
higher,1,2,0.000549149,-7.50714108
highest,3,4,0.001098298,-6.813993899
hillary,2,3,0.000823723,-7.101675972
hispanic,1,2,0.000549149,-7.50714108
historic,2,3,0.000823723,-7.101675972
history,3,4,0.001098298,-6.813993899
hoax,1,2,0.000549149,-7.50714108
hoax...and,1,2,0.000549149,-7.50714108
hold,1,2,0.000549149,-7.50714108
honor,1,2,0.000549149,-7.50714108
honored,1,2,0.000549149,-7.50714108
hope,1,2,0.000549149,-7.50714108
hopefully,1,2,0.000549149,-7.50714108
hosted,1,2,0.000549149,-7.50714108
hours,1,2,0.000549149,-7.50714108
house,3,4,0.001098298,-6.813993899
household,2,3,0.000823723,-7.101675972
http…,1,2,0.000549149,-7.50714108
https:/…,1,2,0.000549149,-7.50714108
https://t.co/0sotrd1mzh,1,2,0.000549149,-7.50714108
https://t.co/12tiw3anqp,1,2,0.000549149,-7.50714108
https://t.co/1lgfjjhrfh,1,2,0.000549149,-7.50714108
https://t.co/2nfiefppho,1,2,0.000549149,-7.50714108
https://t.co/2uk8rgzrql,1,2,0.000549149,-7.50714108
https://t.co/4uwswuhb2u,1,2,0.000549149,-7.50714108
https://t.co/5hccnfzxfn,1,2,0.000549149,-7.50714108
https://t.co/6fw7zumxdz,1,2,0.000549149,-7.50714108
https://t.co/6g2tincpwt,1,2,0.000549149,-7.50714108
https://t.co/7ktlwi9pnp,1,2,0.000549149,-7.50714108
https://t.co/9t50nugw28,1,2,0.000549149,-7.50714108
https://t.co/ay1rtx7uck,1,2,0.000549149,-7.50714108
https://t.co/bwfvet7gtg,1,2,0.000549149,-7.50714108
https://t.co/ecz4k3sowh,1,2,0.000549149,-7.50714108
https://t.co/gj32a6pows,1,2,0.000549149,-7.50714108
https://t.co/gtjl24ztbw,1,2,0.000549149,-7.50714108
https://t.co/gw9cxrttar,1,2,0.000549149,-7.50714108
https://t.co/h1r2be2ys6,1,2,0.000549149,-7.50714108
https://t.co/h9epupl1us,1,2,0.000549149,-7.50714108
https://t.co/hrxgiiholo,1,2,0.000549149,-7.50714108
https://t.co/isfaokoip7,1,2,0.000549149,-7.50714108
https://t.co/lkwbz3f1yl,1,2,0.000549149,-7.50714108
https://t.co/lnh7hqiqtn,1,2,0.000549149,-7.50714108
https://t.co/netvaaevtr,1,2,0.000549149,-7.50714108
https://t.co/nrtixu9zna,1,2,0.000549149,-7.50714108
https://t.co/od…,1,2,0.000549149,-7.50714108
https://t.co/pwaysyxylh,1,2,0.000549149,-7.50714108
https://t.co/rldaofw0uc,1,2,0.000549149,-7.50714108
https://t.co/uf6b1sdc4r,1,2,0.000549149,-7.50714108
https://t.co/xllpninobv,1,2,0.000549149,-7.50714108
https://t.co/zcyw91osou,1,2,0.000549149,-7.50714108
huge,1,2,0.000549149,-7.50714108
human,1,2,0.000549149,-7.50714108
humanitarian,2,3,0.000823723,-7.101675972
hunt,8,9,0.00247117,-6.003063683
hurricane,2,3,0.000823723,-7.101675972
hurt,1,2,0.000549149,-7.50714108
husband,1,2,0.000549149,-7.50714108
i’ve,1,2,0.000549149,-7.50714108
illegal,3,4,0.001098298,-6.813993899
illegally,1,2,0.000549149,-7.50714108
immediately,3,4,0.001098298,-6.813993899
immigration,5,6,0.001647446,-6.408528791
impeach,1,2,0.000549149,-7.50714108
impeachment,2,3,0.000823723,-7.101675972
implementing,1,2,0.000549149,-7.50714108
important,3,4,0.001098298,-6.813993899
importantly,1,2,0.000549149,-7.50714108
impressed,1,2,0.000549149,-7.50714108
incapable,2,3,0.000823723,-7.101675972
including,3,4,0.001098298,-6.813993899
income,1,2,0.000549149,-7.50714108
india,1,2,0.000549149,-7.50714108
india…,1,2,0.000549149,-7.50714108
inflation,1,2,0.000549149,-7.50714108
info,1,2,0.000549149,-7.50714108
inform,1,2,0.000549149,-7.50714108
information,1,2,0.000549149,-7.50714108
informed,1,2,0.000549149,-7.50714108
infrastructure,1,2,0.000549149,-7.50714108
innocent,1,2,0.000549149,-7.50714108
inquiry,1,2,0.000549149,-7.50714108
intellectual,1,2,0.000549149,-7.50714108
intention,1,2,0.000549149,-7.50714108
interested,1,2,0.000549149,-7.50714108
interesting,1,2,0.000549149,-7.50714108
internal,1,2,0.000549149,-7.50714108
interview,1,2,0.000549149,-7.50714108
into,1,2,0.000549149,-7.50714108
investigate,1,2,0.000549149,-7.50714108
investigated…,1,2,0.000549149,-7.50714108
investigating,1,2,0.000549149,-7.50714108
investigation,2,3,0.000823723,-7.101675972
investigation.now,1,2,0.000549149,-7.50714108
investigators,1,2,0.000549149,-7.50714108
iran,1,2,0.000549149,-7.50714108
israel…,1,2,0.000549149,-7.50714108
it’s,2,3,0.000823723,-7.101675972
james,1,2,0.000549149,-7.50714108
japan,1,2,0.000549149,-7.50714108
job”,1,2,0.000549149,-7.50714108
jobs,2,3,0.000823723,-7.101675972
john,1,2,0.000549149,-7.50714108
jordan,1,2,0.000549149,-7.50714108
judges,1,2,0.000549149,-7.50714108
judy,1,2,0.000549149,-7.50714108
june,1,2,0.000549149,-7.50714108
just,18,19,0.005216914,-5.255849281
justice,2,3,0.000823723,-7.101675972
justice....,1,2,0.000549149,-7.50714108
kansas,1,2,0.000549149,-7.50714108
keeps,1,2,0.000549149,-7.50714108
kelly,1,2,0.000549149,-7.50714108
kick,1,2,0.000549149,-7.50714108
kids,1,2,0.000549149,-7.50714108
kingdom,1,2,0.000549149,-7.50714108
knew,1,2,0.000549149,-7.50714108
know,3,4,0.001098298,-6.813993899
knowing,1,2,0.000549149,-7.50714108
knowingly,2,3,0.000823723,-7.101675972
known,1,2,0.000549149,-7.50714108
kraft,1,2,0.000549149,-7.50714108
labor,1,2,0.000549149,-7.50714108
lady,2,3,0.000823723,-7.101675972
landed,1,2,0.000549149,-7.50714108
large,1,2,0.000549149,-7.50714108
latino,1,2,0.000549149,-7.50714108
laws,2,3,0.000823723,-7.101675972
lawyer,1,2,0.000549149,-7.50714108
lawyers,1,2,0.000549149,-7.50714108
leader,1,2,0.000549149,-7.50714108
leaders,2,3,0.000823723,-7.101675972
leadership,1,2,0.000549149,-7.50714108
learn,2,3,0.000823723,-7.101675972
learning,1,2,0.000549149,-7.50714108
least,1,2,0.000549149,-7.50714108
leave,3,4,0.001098298,-6.813993899
leaving,2,3,0.000823723,-7.101675972
left,4,5,0.001372872,-6.590850348
level,3,4,0.001098298,-6.813993899
liberal,1,2,0.000549149,-7.50714108
liddle’,1,2,0.000549149,-7.50714108
lied,3,4,0.001098298,-6.813993899
lies,1,2,0.000549149,-7.50714108
life.,1,2,0.000549149,-7.50714108
life.”,1,2,0.000549149,-7.50714108
like,6,7,0.001922021,-6.254378111
likes,1,2,0.000549149,-7.50714108
likewise,2,3,0.000823723,-7.101675972
lisa,1,2,0.000549149,-7.50714108
listening,1,2,0.000549149,-7.50714108
little,2,3,0.000823723,-7.101675972
little.”,1,2,0.000549149,-7.50714108
live,1,2,0.000549149,-7.50714108
lives,3,4,0.001098298,-6.813993899
loan,1,2,0.000549149,-7.50714108
local,2,3,0.000823723,-7.101675972
löfven,1,2,0.000549149,-7.50714108
long,3,4,0.001098298,-6.813993899
longer,1,2,0.000549149,-7.50714108
look,3,4,0.001098298,-6.813993899
looking,3,4,0.001098298,-6.813993899
looks,2,3,0.000823723,-7.101675972
loopholes,1,2,0.000549149,-7.50714108
looted,1,2,0.000549149,-7.50714108
lose,1,2,0.000549149,-7.50714108
losers,1,2,0.000549149,-7.50714108
lost,1,2,0.000549149,-7.50714108
lots,1,2,0.000549149,-7.50714108
louisiana,2,3,0.000823723,-7.101675972
love,2,3,0.000823723,-7.101675972
loving,1,2,0.000549149,-7.50714108
lowering,1,2,0.000549149,-7.50714108
lucky,1,2,0.000549149,-7.50714108
lunatic,1,2,0.000549149,-7.50714108
lyin’,1,2,0.000549149,-7.50714108
machine,1,2,0.000549149,-7.50714108
made,5,6,0.001647446,-6.408528791
maga,1,2,0.000549149,-7.50714108
main,1,2,0.000549149,-7.50714108
major,1,2,0.000549149,-7.50714108
make,5,6,0.001647446,-6.408528791
making,1,2,0.000549149,-7.50714108
manipulation.”,1,2,0.000549149,-7.50714108
many,3,4,0.001098298,-6.813993899
maria,1,2,0.000549149,-7.50714108
mark,1,2,0.000549149,-7.50714108
market,3,4,0.001098298,-6.813993899
massive,1,2,0.000549149,-7.50714108
mccabe,1,2,0.000549149,-7.50714108
mccabe's,1,2,0.000549149,-7.50714108
mccabe’s,1,2,0.000549149,-7.50714108
meaningless,1,2,0.000549149,-7.50714108
medallion…,1,2,0.000549149,-7.50714108
media,5,6,0.001647446,-6.408528791
media.....,1,2,0.000549149,-7.50714108
median,1,2,0.000549149,-7.50714108
members,1,2,0.000549149,-7.50714108
mexico,6,7,0.001922021,-6.254378111
miami,1,2,0.000549149,-7.50714108
michael,1,2,0.000549149,-7.50714108
military,2,3,0.000823723,-7.101675972
millions,2,3,0.000823723,-7.101675972
minnesota,1,2,0.000549149,-7.50714108
minutes,1,2,0.000549149,-7.50714108
missouri,1,2,0.000549149,-7.50714108
moments,1,2,0.000549149,-7.50714108
money,1,2,0.000549149,-7.50714108
money.”,1,2,0.000549149,-7.50714108
monitoring,1,2,0.000549149,-7.50714108
months,1,2,0.000549149,-7.50714108
moore,1,2,0.000549149,-7.50714108
more,11,12,0.003294893,-5.71538161
morning,2,3,0.000823723,-7.101675972
most,1,2,0.000549149,-7.50714108
move,2,3,0.000823723,-7.101675972
movement,1,2,0.000549149,-7.50714108
much,10,11,0.003020319,-5.802392987
mueller,4,5,0.001372872,-6.590850348
mueller.”,1,2,0.000549149,-7.50714108
murphy,2,3,0.000823723,-7.101675972
must,2,3,0.000823723,-7.101675972
nancy,4,5,0.001372872,-6.590850348
nation,1,2,0.000549149,-7.50714108
national,3,4,0.001098298,-6.813993899
nato,2,3,0.000823723,-7.101675972
nearly,1,2,0.000549149,-7.50714108
necessary,2,3,0.000823723,-7.101675972
need,1,2,0.000549149,-7.50714108
needed,1,2,0.000549149,-7.50714108
negative,2,3,0.000823723,-7.101675972
negotiating,1,2,0.000549149,-7.50714108
never,5,6,0.001647446,-6.408528791
newest,1,2,0.000549149,-7.50714108
news,9,10,0.002745744,-5.897703167
night,1,2,0.000549149,-7.50714108
nominate,1,2,0.000549149,-7.50714108
north,3,4,0.001098298,-6.813993899
nothing,7,8,0.002196595,-6.120846719
november,1,2,0.000549149,-7.50714108
nowadays,1,2,0.000549149,-7.50714108
nowhere,1,2,0.000549149,-7.50714108
number,1,2,0.000549149,-7.50714108
numbers,1,2,0.000549149,-7.50714108
nypd,1,2,0.000549149,-7.50714108
obama,2,3,0.000823723,-7.101675972
obstruction,3,4,0.001098298,-6.813993899
obstructionists,1,2,0.000549149,-7.50714108
offered,1,2,0.000549149,-7.50714108
office,2,3,0.000823723,-7.101675972
office.what,1,2,0.000549149,-7.50714108
officers,3,4,0.001098298,-6.813993899
officials,1,2,0.000549149,-7.50714108
ohio,1,2,0.000549149,-7.50714108
ones,1,2,0.000549149,-7.50714108
only,11,12,0.003294893,-5.71538161
open,1,2,0.000549149,-7.50714108
openings,1,2,0.000549149,-7.50714108
openings''now,1,2,0.000549149,-7.50714108
operation,1,2,0.000549149,-7.50714108
opponent,1,2,0.000549149,-7.50714108
opportunity,1,2,0.000549149,-7.50714108
order,1,2,0.000549149,-7.50714108
originally,1,2,0.000549149,-7.50714108
orlando,1,2,0.000549149,-7.50714108
other,8,9,0.00247117,-6.003063683
others,1,2,0.000549149,-7.50714108
others—liberal,1,2,0.000549149,-7.50714108
outstanding,1,2,0.000549149,-7.50714108
oval,1,2,0.000549149,-7.50714108
over,4,5,0.001372872,-6.590850348
overwhelmingly,1,2,0.000549149,-7.50714108
owner,1,2,0.000549149,-7.50714108
page,1,2,0.000549149,-7.50714108
pages,1,2,0.000549149,-7.50714108
panama,1,2,0.000549149,-7.50714108
paper,1,2,0.000549149,-7.50714108
pardon,2,3,0.000823723,-7.101675972
part,3,4,0.001098298,-6.813993899
participate,1,2,0.000549149,-7.50714108
particularly,1,2,0.000549149,-7.50714108
partner,1,2,0.000549149,-7.50714108
partners,1,2,0.000549149,-7.50714108
party,1,2,0.000549149,-7.50714108
pass,1,2,0.000549149,-7.50714108
passed,1,2,0.000549149,-7.50714108
past,2,3,0.000823723,-7.101675972
patrick,1,2,0.000549149,-7.50714108
patriot,1,2,0.000549149,-7.50714108
patriots,1,2,0.000549149,-7.50714108
payments,1,2,0.000549149,-7.50714108
pelosi,3,4,0.001098298,-6.813993899
pentagon,1,2,0.000549149,-7.50714108
people,6,7,0.001922021,-6.254378111
people…,1,2,0.000549149,-7.50714108
perhaps,1,2,0.000549149,-7.50714108
perot,1,2,0.000549149,-7.50714108
perry,1,2,0.000549149,-7.50714108
person,2,3,0.000823723,-7.101675972
personally,1,2,0.000549149,-7.50714108
perspective,1,2,0.000549149,-7.50714108
phone,1,2,0.000549149,-7.50714108
phony,1,2,0.000549149,-7.50714108
picture,1,2,0.000549149,-7.50714108
pinning,1,2,0.000549149,-7.50714108
pizzella,1,2,0.000549149,-7.50714108
place,3,4,0.001098298,-6.813993899
players),1,2,0.000549149,-7.50714108
playing,1,2,0.000549149,-7.50714108
please,1,2,0.000549149,-7.50714108
pleased,1,2,0.000549149,-7.50714108
pledged,1,2,0.000549149,-7.50714108
plus,2,3,0.000823723,-7.101675972
police,1,2,0.000549149,-7.50714108
policies,1,2,0.000549149,-7.50714108
political,2,3,0.000823723,-7.101675972
politics,1,2,0.000549149,-7.50714108
poor,1,2,0.000549149,-7.50714108
positive,1,2,0.000549149,-7.50714108
possibility,1,2,0.000549149,-7.50714108
post,1,2,0.000549149,-7.50714108
powell,2,3,0.000823723,-7.101675972
powerful,2,3,0.000823723,-7.101675972
prescription,2,3,0.000823723,-7.101675972
presi…,1,2,0.000549149,-7.50714108
president,19,20,0.005491488,-5.204555987
president.....,1,2,0.000549149,-7.50714108
president’s,1,2,0.000549149,-7.50714108
press,1,2,0.000549149,-7.50714108
pressured,1,2,0.000549149,-7.50714108
price,1,2,0.000549149,-7.50714108
prices,2,3,0.000823723,-7.101675972
primary,1,2,0.000549149,-7.50714108
private,1,2,0.000549149,-7.50714108
probably,1,2,0.000549149,-7.50714108
probe,1,2,0.000549149,-7.50714108
problem,6,7,0.001922021,-6.254378111
producers,1,2,0.000549149,-7.50714108
product,1,2,0.000549149,-7.50714108
products,1,2,0.000549149,-7.50714108
progress,1,2,0.000549149,-7.50714108
promise,1,2,0.000549149,-7.50714108
property.”,1,2,0.000549149,-7.50714108
protect,3,4,0.001098298,-6.813993899
proved,1,2,0.000549149,-7.50714108
proven,1,2,0.000549149,-7.50714108
psycho,1,2,0.000549149,-7.50714108
putt,1,2,0.000549149,-7.50714108
quantitative,1,2,0.000549149,-7.50714108
quantities,1,2,0.000549149,-7.50714108
question,2,3,0.000823723,-7.101675972
quickly,1,2,0.000549149,-7.50714108
quid,1,2,0.000549149,-7.50714108
rachel,1,2,0.000549149,-7.50714108
radical,1,2,0.000549149,-7.50714108
rally,2,3,0.000823723,-7.101675972
ranc…,1,2,0.000549149,-7.50714108
rank,1,2,0.000549149,-7.50714108
ranting,1,2,0.000549149,-7.50714108
rather,2,3,0.000823723,-7.101675972
rating…,1,2,0.000549149,-7.50714108
ratings,1,2,0.000549149,-7.50714108
raving,1,2,0.000549149,-7.50714108
reached,2,3,0.000823723,-7.101675972
read,1,2,0.000549149,-7.50714108
reading,1,2,0.000549149,-7.50714108
ready,4,5,0.001372872,-6.590850348
real,1,2,0.000549149,-7.50714108
rebuilding,1,2,0.000549149,-7.50714108
received,2,3,0.000823723,-7.101675972
reconstruction,1,2,0.000549149,-7.50714108
record,3,4,0.001098298,-6.813993899
recovery,1,2,0.000549149,-7.50714108
reduce,1,2,0.000549149,-7.50714108
refuse,1,2,0.000549149,-7.50714108
refuses,1,2,0.000549149,-7.50714108
regarding,1,2,0.000549149,-7.50714108
reigning,1,2,0.000549149,-7.50714108
related,1,2,0.000549149,-7.50714108
relationship,1,2,0.000549149,-7.50714108
relaxing,1,2,0.000549149,-7.50714108
release,1,2,0.000549149,-7.50714108
remember,1,2,0.000549149,-7.50714108
reminded,1,2,0.000549149,-7.50714108
reneged,1,2,0.000549149,-7.50714108
replaced,1,2,0.000549149,-7.50714108
report,4,5,0.001372872,-6.590850348
reported,1,2,0.000549149,-7.50714108
reporting,1,2,0.000549149,-7.50714108
representatives,1,2,0.000549149,-7.50714108
represented,1,2,0.000549149,-7.50714108
representing,2,3,0.000823723,-7.101675972
republican,2,3,0.000823723,-7.101675972
republicans,1,2,0.000549149,-7.50714108
request,1,2,0.000549149,-7.50714108
requests,1,2,0.000549149,-7.50714108
reserve,2,3,0.000823723,-7.101675972
reserve....,1,2,0.000549149,-7.50714108
resolution,2,3,0.000823723,-7.101675972
resolution.”,1,2,0.000549149,-7.50714108
respect,2,3,0.000823723,-7.101675972
result,1,2,0.000549149,-7.50714108
results,2,3,0.000823723,-7.101675972
retirements,1,2,0.000549149,-7.50714108
revealed,1,2,0.000549149,-7.50714108
revenue,1,2,0.000549149,-7.50714108
reviewing,1,2,0.000549149,-7.50714108
revolution,1,2,0.000549149,-7.50714108
ribbon,1,2,0.000549149,-7.50714108
rick,1,2,0.000549149,-7.50714108
right,1,2,0.000549149,-7.50714108
ripping,1,2,0.000549149,-7.50714108
risk,1,2,0.000549149,-7.50714108
robert,2,3,0.000823723,-7.101675972
rocky,1,2,0.000549149,-7.50714108
room,1,2,0.000549149,-7.50714108
ross,1,2,0.000549149,-7.50714108
roundtable,1,2,0.000549149,-7.50714108
running,1,2,0.000549149,-7.50714108
runoff,1,2,0.000549149,-7.50714108
russia,5,6,0.001647446,-6.408528791
russia's,1,2,0.000549149,-7.50714108
safe,1,2,0.000549149,-7.50714108
safe-third,1,2,0.000549149,-7.50714108
said,7,8,0.002196595,-6.120846719
same,1,2,0.000549149,-7.50714108
sanctuary,1,2,0.000549149,-7.50714108
saudi,1,2,0.000549149,-7.50714108
saved,1,2,0.000549149,-7.50714108
saying,1,2,0.000549149,-7.50714108
scam,2,3,0.000823723,-7.101675972
scandal,1,2,0.000549149,-7.50714108
schedule,1,2,0.000549149,-7.50714108
schiff,3,4,0.001098298,-6.813993899
schneiderman,1,2,0.000549149,-7.50714108
schumer,1,2,0.000549149,-7.50714108
science,1,2,0.000549149,-7.50714108
score,1,2,0.000549149,-7.50714108
sean,2,3,0.000823723,-7.101675972
season,1,2,0.000549149,-7.50714108
seat,1,2,0.000549149,-7.50714108
second,1,2,0.000549149,-7.50714108
secret,1,2,0.000549149,-7.50714108
secretary,1,2,0.000549149,-7.50714108
secretary.,1,2,0.000549149,-7.50714108
secu…,1,2,0.000549149,-7.50714108
secure,2,3,0.000823723,-7.101675972
seeing,1,2,0.000549149,-7.50714108
seen,1,2,0.000549149,-7.50714108
senator,1,2,0.000549149,-7.50714108
sending,1,2,0.000549149,-7.50714108
serve,2,3,0.000823723,-7.101675972
served,1,2,0.000549149,-7.50714108
service,1,2,0.000549149,-7.50714108
sessions,1,2,0.000549149,-7.50714108
shady,1,2,0.000549149,-7.50714108
shark,1,2,0.000549149,-7.50714108
shelton,1,2,0.000549149,-7.50714108
shockingly,1,2,0.000549149,-7.50714108
short,1,2,0.000549149,-7.50714108
shot,1,2,0.000549149,-7.50714108
should,5,6,0.001647446,-6.408528791
shouldn’t,1,2,0.000549149,-7.50714108
show,1,2,0.000549149,-7.50714108
showing,1,2,0.000549149,-7.50714108
shutdown,2,3,0.000823723,-7.101675972
side,1,2,0.000549149,-7.50714108
sign,2,3,0.000823723,-7.101675972
signed,1,2,0.000549149,-7.50714108
simply,1,2,0.000549149,-7.50714108
since,6,7,0.001922021,-6.254378111
six...,1,2,0.000549149,-7.50714108
slow,1,2,0.000549149,-7.50714108
so-called,1,2,0.000549149,-7.50714108
soared,1,2,0.000549149,-7.50714108
social,1,2,0.000549149,-7.50714108
socialism,1,2,0.000549149,-7.50714108
solid,1,2,0.000549149,-7.50714108
solidarity,1,2,0.000549149,-7.50714108
solve,2,3,0.000823723,-7.101675972
some,1,2,0.000549149,-7.50714108
something,2,3,0.000823723,-7.101675972
soon,4,5,0.001372872,-6.590850348
sorry,1,2,0.000549149,-7.50714108
source,1,2,0.000549149,-7.50714108
sources,2,3,0.000823723,-7.101675972
south,2,3,0.000823723,-7.101675972
southern,4,5,0.001372872,-6.590850348
speak,2,3,0.000823723,-7.101675972
speed,1,2,0.000549149,-7.50714108
speedy,1,2,0.000549149,-7.50714108
spending,1,2,0.000549149,-7.50714108
spoke,3,4,0.001098298,-6.813993899
spying,1,2,0.000549149,-7.50714108
staff,1,2,0.000549149,-7.50714108
stand,4,5,0.001372872,-6.590850348
stanley,1,2,0.000549149,-7.50714108
start,2,3,0.000823723,-7.101675972
started,2,3,0.000823723,-7.101675972
state,5,6,0.001647446,-6.408528791
statement,1,2,0.000549149,-7.50714108
states,5,6,0.001647446,-6.408528791
states....,1,2,0.000549149,-7.50714108
steele,3,4,0.001098298,-6.813993899
stefan,1,2,0.000549149,-7.50714108
steve,2,3,0.000823723,-7.101675972
sticking,1,2,0.000549149,-7.50714108
still,1,2,0.000549149,-7.50714108
stock,1,2,0.000549149,-7.50714108
stories,1,2,0.000549149,-7.50714108
story,4,5,0.001372872,-6.590850348
strides,1,2,0.000549149,-7.50714108
strong,2,3,0.000823723,-7.101675972
strongest,1,2,0.000549149,-7.50714108
strongly,1,2,0.000549149,-7.50714108
stuart,1,2,0.000549149,-7.50714108
stuck,2,3,0.000823723,-7.101675972
successful,1,2,0.000549149,-7.50714108
such,1,2,0.000549149,-7.50714108
super,1,2,0.000549149,-7.50714108
supply,1,2,0.000549149,-7.50714108
support,3,4,0.001098298,-6.813993899
supreme,1,2,0.000549149,-7.50714108
sure,2,3,0.000823723,-7.101675972
suspends,1,2,0.000549149,-7.50714108
sworn,1,2,0.000549149,-7.50714108
take,1,2,0.000549149,-7.50714108
taking,1,2,0.000549149,-7.50714108
talk,1,2,0.000549149,-7.50714108
talks,1,2,0.000549149,-7.50714108
tariff,1,2,0.000549149,-7.50714108
tariffs,2,3,0.000823723,-7.101675972
taxicab,1,2,0.000549149,-7.50714108
taxpayer’s,1,2,0.000549149,-7.50714108
team,3,4,0.001098298,-6.813993899
teams,1,2,0.000549149,-7.50714108
tell,2,3,0.000823723,-7.101675972
term,1,2,0.000549149,-7.50714108
testimony,2,3,0.000823723,-7.101675972
than,12,13,0.003569467,-5.635338903
thank,6,7,0.001922021,-6.254378111
thanks,2,3,0.000823723,-7.101675972
that,45,46,0.012630423,-4.371646864
that....,1,2,0.000549149,-7.50714108
that.”,1,2,0.000549149,-7.50714108
that’s,1,2,0.000549149,-7.50714108
the…,1,2,0.000549149,-7.50714108
their,8,9,0.00247117,-6.003063683
them,3,4,0.001098298,-6.813993899
then,1,2,0.000549149,-7.50714108
there,7,8,0.002196595,-6.120846719
there’s,2,3,0.000823723,-7.101675972
these,1,2,0.000549149,-7.50714108
they,30,31,0.008511807,-4.766301056
thing,2,3,0.000823723,-7.101675972
things,1,2,0.000549149,-7.50714108
think,2,3,0.000823723,-7.101675972
this,17,18,0.004942339,-5.309916502
those,1,2,0.000549149,-7.50714108
though,2,3,0.000823723,-7.101675972
thought.”,1,2,0.000549149,-7.50714108
through,2,3,0.000823723,-7.101675972
ticket,1,2,0.000549149,-7.50714108
tightening,1,2,0.000549149,-7.50714108
time,13,14,0.003844042,-5.561230931
times,1,2,0.000549149,-7.50714108
today,2,3,0.000823723,-7.101675972
today’s,1,2,0.000549149,-7.50714108
together,1,2,0.000549149,-7.50714108
tomorrow,1,2,0.000549149,-7.50714108
took,2,3,0.000823723,-7.101675972
tool,1,2,0.000549149,-7.50714108
tossed,1,2,0.000549149,-7.50714108
total,4,5,0.001372872,-6.590850348
totally,3,4,0.001098298,-6.813993899
touch,1,2,0.000549149,-7.50714108
tracking,1,2,0.000549149,-7.50714108
trade,2,3,0.000823723,-7.101675972
trafficking,1,2,0.000549149,-7.50714108
transcript,1,2,0.000549149,-7.50714108
transcripts,1,2,0.000549149,-7.50714108
treasonous,1,2,0.000549149,-7.50714108
treated,1,2,0.000549149,-7.50714108
tremendous,2,3,0.000823723,-7.101675972
tried,1,2,0.000549149,-7.50714108
true,0,1,0.000274574,-8.20028826
truly,1,2,0.000549149,-7.50714108
trump,10,11,0.003020319,-5.802392987
trump-russia,1,2,0.000549149,-7.50714108
trump.,1,2,0.000549149,-7.50714108
trump...i,1,2,0.000549149,-7.50714108
trump’s,1,2,0.000549149,-7.50714108
trying,2,3,0.000823723,-7.101675972
tuesday,1,2,0.000549149,-7.50714108
turned,2,3,0.000823723,-7.101675972
twelve,1,2,0.000549149,-7.50714108
u.s.a,1,2,0.000549149,-7.50714108
ukraine,1,2,0.000549149,-7.50714108
ukrainian,2,3,0.000823723,-7.101675972
ukranian,1,2,0.000549149,-7.50714108
ultimately,1,2,0.000549149,-7.50714108
unanimously,1,2,0.000549149,-7.50714108
uncovered,1,2,0.000549149,-7.50714108
under,3,4,0.001098298,-6.813993899
understand,3,4,0.001098298,-6.813993899
unempl…,1,2,0.000549149,-7.50714108
unemployed,1,2,0.000549149,-7.50714108
unemployed'…,1,2,0.000549149,-7.50714108
unemployment,2,3,0.000823723,-7.101675972
unfair,2,3,0.000823723,-7.101675972
union,1,2,0.000549149,-7.50714108
united,6,7,0.001922021,-6.254378111
unless,1,2,0.000549149,-7.50714108
unprecedented,1,2,0.000549149,-7.50714108
unpredictable,1,2,0.000549149,-7.50714108
unsuccessfully,1,2,0.000549149,-7.50714108
untrue,1,2,0.000549149,-7.50714108
used,1,2,0.000549149,-7.50714108
usmca,1,2,0.000549149,-7.50714108
usual,1,2,0.000549149,-7.50714108
very,15,16,0.004393191,-5.427699538
vets,1,2,0.000549149,-7.50714108
vice,2,3,0.000823723,-7.101675972
vicious,1,2,0.000549149,-7.50714108
vietnam,1,2,0.000549149,-7.50714108
violati…,1,2,0.000549149,-7.50714108
violation,1,2,0.000549149,-7.50714108
volume,2,3,0.000823723,-7.101675972
vote,3,4,0.001098298,-6.813993899
voter,1,2,0.000549149,-7.50714108
vouch,1,2,0.000549149,-7.50714108
vuitton...cost,1,2,0.000549149,-7.50714108
wall,2,3,0.000823723,-7.101675972
want,3,4,0.001098298,-6.813993899
wanted,1,2,0.000549149,-7.50714108
wants,2,3,0.000823723,-7.101675972
wars,1,2,0.000549149,-7.50714108
washington,3,4,0.001098298,-6.813993899
waste,2,3,0.000823723,-7.101675972
wasted,1,2,0.000549149,-7.50714108
wasting,1,2,0.000549149,-7.50714108
watching,1,2,0.000549149,-7.50714108
water,1,2,0.000549149,-7.50714108
we’ll,2,3,0.000823723,-7.101675972
we’ve,1,2,0.000549149,-7.50714108
weaken,1,2,0.000549149,-7.50714108
wealth,1,2,0.000549149,-7.50714108
wealthy,1,2,0.000549149,-7.50714108
weather,1,2,0.000549149,-7.50714108
welcoming,1,2,0.000549149,-7.50714108
well,1,2,0.000549149,-7.50714108
well...,1,2,0.000549149,-7.50714108
went,1,2,0.000549149,-7.50714108
were,3,4,0.001098298,-6.813993899
what,12,13,0.003569467,-5.635338903
what's,1,2,0.000549149,-7.50714108
whatever,1,2,0.000549149,-7.50714108
wheels,1,2,0.000549149,-7.50714108
when,12,13,0.003569467,-5.635338903
where,1,2,0.000549149,-7.50714108
which,6,7,0.001922021,-6.254378111
while,1,2,0.000549149,-7.50714108
whistleblower,1,2,0.000549149,-7.50714108
white,3,4,0.001098298,-6.813993899
whole,1,2,0.000549149,-7.50714108
wife,1,2,0.000549149,-7.50714108
will,17,18,0.004942339,-5.309916502
willing,1,2,0.000549149,-7.50714108
winning,2,3,0.000823723,-7.101675972
wishes,1,2,0.000549149,-7.50714108
witch,8,9,0.00247117,-6.003063683
with,30,31,0.008511807,-4.766301056
without,2,3,0.000823723,-7.101675972
won’t,3,4,0.001098298,-6.813993899
wonderful,2,3,0.000823723,-7.101675972
word,1,2,0.000549149,-7.50714108
words,1,2,0.000549149,-7.50714108
work,7,8,0.002196595,-6.120846719
work....,1,2,0.000549149,-7.50714108
worked,1,2,0.000549149,-7.50714108
workers,1,2,0.000549149,-7.50714108
working,6,7,0.001922021,-6.254378111
world,3,4,0.001098298,-6.813993899
worse,1,2,0.000549149,-7.50714108
would,7,8,0.002196595,-6.120846719
written,1,2,0.000549149,-7.50714108
wrong,5,6,0.001647446,-6.408528791
wrote,1,2,0.000549149,-7.50714108
year,1,2,0.000549149,-7.50714108
years,6,7,0.001922021,-6.254378111
years”,1,2,0.000549149,-7.50714108
york,1,2,0.000549149,-7.50714108
you're,1,2,0.000549149,-7.50714108
you’ll,1,2,0.000549149,-7.50714108
you’ve,1,2,0.000549149,-7.50714108
your,7,8,0.002196595,-6.120846719
zealand,2,3,0.000823723,-7.101675972
zero,3,4,0.001098298,-6.813993899
,,3642,,